id_user,id_coffeeshop
95d165e5-09cd-47af-aa4b-2798d74f5db1,a22e11f1-af3c-4dab-a1a2-c96432b651f5
95d165e5-09cd-47af-aa4b-2798d74f5db1,d0154348-d3b2-4e40-8318-39cc7f0e7965
95d165e5-09cd-47af-aa4b-2798d74f5db1,588d76da-f491-48ba-8d2b-73c4a4f72067
d326758c-1d69-4c1b-964a-2ec1aad2a006,b97a3645-319a-4341-9373-fe1982c3b4c8
d326758c-1d69-4c1b-964a-2ec1aad2a006,69527e1a-3a0e-49a5-acee-c8809c047cc5
d326758c-1d69-4c1b-964a-2ec1aad2a006,1f444035-9c8b-4983-aad3-03fa3940b323
6c6ba6f8-cf54-417f-abc3-1d738414b349,111d2a28-a3fc-45e3-ba98-9b27348e27f4
785298fc-285d-48cc-83bc-9eaf475d4b97,17dc1f0d-bf9b-4ce4-a468-038fdfdf8724
785298fc-285d-48cc-83bc-9eaf475d4b97,f45dd6af-7f6f-4ad9-b9be-3438c6e4ac0e
785298fc-285d-48cc-83bc-9eaf475d4b97,c184ef20-e782-4122-b3ae-8b841ccd2239
b38c2d79-7861-420b-86ee-f2977d2d5bab,87f28f78-4623-4ef8-9ab4-a3e7ff233986
b38c2d79-7861-420b-86ee-f2977d2d5bab,dcc49e02-877f-43fd-a7b6-d20c32d434c9
b38c2d79-7861-420b-86ee-f2977d2d5bab,7ed7dc9a-9c68-4c9b-98cb-daf6b0c30c4d
f446177c-7c7d-4027-b8e1-d67ce34382db,a9fa63b2-8ec8-44f0-a803-0eaf855b3d00
f446177c-7c7d-4027-b8e1-d67ce34382db,cf74c673-3f26-4c32-bc89-5cdfcd930ec7
f446177c-7c7d-4027-b8e1-d67ce34382db,9b114f68-4c68-47d0-8fbb-4993d557a35a
e258022b-30f1-4641-92b1-e4d598276f22,8bd32c54-7dd4-46bb-b02c-79ae8d51d789
db6872ce-722e-4c9f-8f2e-0a220ded6754,7bf7a6c4-e6d9-4ff4-a782-c6f33e3ca554
e9b81d77-5b95-4357-ac8f-c766edf538aa,50fc4376-2036-4e87-929e-9c127e78e174
f8dd2f64-52c7-4cd4-b4dc-8b1d4bf2d743,5c11187c-e1c6-496e-bc63-7add8dd8bb59
f8dd2f64-52c7-4cd4-b4dc-8b1d4bf2d743,39b31ce7-88c9-4dd4-9c02-d2d9e3c57a39
66623ebc-aa9c-44a6-8a15-2167e0847939,f53ac1b8-a2d8-41aa-aeea-b2a547947eb5
66623ebc-aa9c-44a6-8a15-2167e0847939,dcc49e02-877f-43fd-a7b6-d20c32d434c9
54002d5d-4d30-487f-915d-3bfa281a3726,e0f2c921-4c27-4f15-8327-619ef49df22b
409d3f9a-f59f-4643-b69f-4aca0bd0e502,320cbdb4-8017-4d6c-90fc-b919a6f755de
409d3f9a-f59f-4643-b69f-4aca0bd0e502,9371f007-c28a-4cb5-bf09-b9c026cb99cc
409d3f9a-f59f-4643-b69f-4aca0bd0e502,ee7c6d8a-c45b-43a5-be32-796cbed1d5ce
5675e5ab-7ffa-49b7-91a0-510a32ffaaa3,e12340c8-8f9e-47f1-9b1f-1e009c23ca52
f228c430-9158-40aa-b4c9-6aec5ec53582,0f46c03e-5761-453b-abc8-abe63ea67539
79b11d4b-2632-4e35-b9de-c47efd99bf32,3b61d459-3c04-48c7-b79f-61249d842fb0
3424b9c0-7c64-44e1-832f-4bb9cbfbdc61,b7d4ed20-76bc-4c48-ac44-6fa2dfc645e9
2b49cf09-2964-4c81-bf15-8612e0dee112,fde0af1f-6b4c-48b9-a23b-f9e70521dae4
2b49cf09-2964-4c81-bf15-8612e0dee112,72b4f19f-0dc9-4e79-bfab-f6a29ff015db
00880209-b064-48c8-a52a-050b86bf3f67,f0b6e670-b557-40b2-b0a3-9c17339dfaee
00880209-b064-48c8-a52a-050b86bf3f67,cc93abc5-d5be-4a21-8d7f-939d6e5e4464
00880209-b064-48c8-a52a-050b86bf3f67,caf26f9d-3e78-43cc-b1ea-db7f1e9d549f
47bb6318-57a3-4ddf-8a5a-713a21a55ad2,a2e1af25-d925-4a1c-bea3-24732e2d850d
fa9e932e-5ed9-4fa0-b340-dd5affb2b761,6465a771-3436-4046-a97d-232fd8607e56
78b8220e-9de9-4225-9013-70cc75404bf9,120a5287-89c5-47b4-894a-c1e7ac651b9d
f3b3af26-0bbb-4f13-986f-7d02599dc038,b7d4ed20-76bc-4c48-ac44-6fa2dfc645e9
f3b3af26-0bbb-4f13-986f-7d02599dc038,12bf6535-8dff-47fb-854e-ba18376c2373
21a0bfc3-7b7d-4dfe-bfe8-84d082af6f01,fe9666fd-82f3-4e92-ac6e-2a353d4028fd
21a0bfc3-7b7d-4dfe-bfe8-84d082af6f01,504259f2-6fcb-4dd8-8839-8ca6df394a6d
21a0bfc3-7b7d-4dfe-bfe8-84d082af6f01,87fa1ff8-fcd6-4ced-a04b-ed715955f9b7
57ef4678-3d5f-4eb1-a242-1966eaff5f9c,6d564d48-4ade-47b7-985b-d605ca98bde2
57ef4678-3d5f-4eb1-a242-1966eaff5f9c,e6dc2d23-8c91-4b71-acde-83c3d33923a8
57ef4678-3d5f-4eb1-a242-1966eaff5f9c,8c1d0fc3-c7f0-4d46-8e75-d21cbea7ef6a
c16b8ae0-99db-4267-887c-d140cbf164ac,ab07a288-3380-4116-a978-516f3feb1f43
c16b8ae0-99db-4267-887c-d140cbf164ac,16f537a6-6f12-4b01-9cb1-b24ee9edf266
e94669ad-8b59-46a8-8227-aeeab7acc524,1f9992cc-6785-46de-a293-d997bac95fd3
e94669ad-8b59-46a8-8227-aeeab7acc524,758ad0fe-1b54-45c1-8b82-356faad09848
e94669ad-8b59-46a8-8227-aeeab7acc524,9aeb168a-af69-4c4e-8d9d-4044e129ac6b
d85324f0-eba8-4cb5-b19f-b0d8a94493dd,e1b39941-1d40-4019-b3b1-25997d1f09c5
ab6728c6-4145-4669-b3b6-db617bee0051,8c1d0fc3-c7f0-4d46-8e75-d21cbea7ef6a
d22cb02f-06c9-4d7a-b0dd-a3dcc323fcb4,6aa8743a-9f37-4ac8-9f9d-1253397ae1d6
d22cb02f-06c9-4d7a-b0dd-a3dcc323fcb4,21db0fbe-0310-4e29-ae63-893a1a2b57c0
d22cb02f-06c9-4d7a-b0dd-a3dcc323fcb4,a22e11f1-af3c-4dab-a1a2-c96432b651f5
72661a31-c8f7-4f42-b870-570d60582cb7,18de76b0-623f-4a20-ae66-005796120465
72661a31-c8f7-4f42-b870-570d60582cb7,b2f4241f-9c12-4583-843d-ab18cb68cd74
72661a31-c8f7-4f42-b870-570d60582cb7,48f279df-8351-4e0c-a392-07326f55733d
3d70f399-ba4f-455b-8f8a-2662c7818caf,1c5c84e0-02c1-426e-b384-cebd396a1492
3d70f399-ba4f-455b-8f8a-2662c7818caf,5c3b0398-a4c6-41aa-90c3-b087310248e5
dc9f665d-3981-40bb-95b0-71c6e3f8e857,c5dfabc8-4479-48f2-b5b8-cdd1a9e2ba4a
dc9f665d-3981-40bb-95b0-71c6e3f8e857,b97a3645-319a-4341-9373-fe1982c3b4c8
dc9f665d-3981-40bb-95b0-71c6e3f8e857,5bf6c8f0-06e5-44ed-bf23-6084c445bfe7
77a8bda3-8269-40a2-85ed-91e1d53e750c,0b8044fd-b3e5-491f-8940-3c52362909c8
77a8bda3-8269-40a2-85ed-91e1d53e750c,b52cc6f7-1f73-488a-bab6-4df9586f0dcd
77a8bda3-8269-40a2-85ed-91e1d53e750c,b00b245e-df05-4036-a0cd-5933908f431f
b223818d-d13d-4f24-b6aa-41370323f9ce,31ae44df-285e-4516-a122-64b6bc5d4ae0
b223818d-d13d-4f24-b6aa-41370323f9ce,a0d4e854-012a-488e-98a7-fd1092631a5e
fedb35c5-68e8-4fde-bb88-0cbf34ae2f56,2997dcf2-e36c-44bf-aac1-ec26466c6bf7
19105b52-c418-4812-913f-4e571faca83c,50ab2512-c730-4a5f-90a6-51f6923e5e50
19105b52-c418-4812-913f-4e571faca83c,c608062b-e0f9-40ef-b349-76926a9c2b2d
82cd9176-5062-46f5-91d6-f2d96e263eab,ca968c28-5a1a-4c14-880a-3425be5b9f4d
82cd9176-5062-46f5-91d6-f2d96e263eab,aecedad2-1741-46f0-9e3e-2e60ec662400
82cd9176-5062-46f5-91d6-f2d96e263eab,6aa8743a-9f37-4ac8-9f9d-1253397ae1d6
ff3f0ca0-6bfa-4b62-8504-243a4fcd877e,63d1085a-9423-46c6-a9ec-191e88c5a0f0
ff3f0ca0-6bfa-4b62-8504-243a4fcd877e,9e2fc385-b94f-4a9e-b78c-29af58c4cec9
ff3f0ca0-6bfa-4b62-8504-243a4fcd877e,0b8044fd-b3e5-491f-8940-3c52362909c8
55db6492-3947-48f1-b20a-e46a9728e79b,291c346a-32f6-4b05-99d8-b25592d6cabc
55db6492-3947-48f1-b20a-e46a9728e79b,eea687fe-8cd2-441e-bf3f-0849e11180d7
f6dbcf4a-0e66-483f-97c8-6a18931a06ac,0b8044fd-b3e5-491f-8940-3c52362909c8
b9cf165b-f501-4ebe-98dd-8b7648feebe9,1785ddf3-b380-4a93-ac1a-29fc6958ffe6
a630ea61-2f93-4394-9edd-f1ec2da6803e,ff1f0c6f-024e-4d06-8277-84ffa107979d
a630ea61-2f93-4394-9edd-f1ec2da6803e,5951b3b5-9897-435f-b428-89e840164f2b
ad7470be-7440-424b-aee6-7a8488fa3809,a19dd85b-0fd0-45a4-9a8b-351c857a9052
ad7470be-7440-424b-aee6-7a8488fa3809,1eaf70dd-c84b-4987-b6f2-61bb6a0458a1
aaf5fb75-7fa9-4d6c-80d3-5d4b2f69f145,ba7f0733-3634-4e35-81a5-694cf95a099a
aaf5fb75-7fa9-4d6c-80d3-5d4b2f69f145,2ac04d62-e0b1-44b8-88a7-1397064a4070
715aad81-911f-446f-8941-347814faf1e8,2a41f0d8-034c-4939-bb48-7d977407a6a3
527b7598-3e97-42e4-91d0-cd20091e22bb,2340c74e-d225-4fed-a702-df001855bb73
36f7bc71-c1da-4bde-9f23-3a7bebf7f98f,a581bed9-060a-4682-9c03-439f772ac81a
36f7bc71-c1da-4bde-9f23-3a7bebf7f98f,125700c0-e466-48a4-bcaa-30d5c5052fd2
153a3ddb-9c24-499c-9195-af29b5dc5bf2,beb3d32b-d535-47fc-a928-60824aacc44d
153a3ddb-9c24-499c-9195-af29b5dc5bf2,72eaf652-791a-4a3b-818f-12e3cdc80658
153a3ddb-9c24-499c-9195-af29b5dc5bf2,5becdb32-dcc6-4f0a-9ff0-5ba9dbcf540c
f130e687-8d38-4499-908f-83c217e9d84e,3206ee54-b5e7-4f01-a588-1ba7c0d2ae93
bcb5b96d-73a9-42df-bfed-31e81d997809,d7d76a5f-446a-4d12-bd85-ba4efd3102ab
bcb5b96d-73a9-42df-bfed-31e81d997809,b94ac6d4-2176-4c96-a44a-0d333521eee3
5269a8bd-9e96-4443-b931-5cc8132736de,baad8bf9-9ca9-4499-8797-ec7819d08095
5269a8bd-9e96-4443-b931-5cc8132736de,17dc1f0d-bf9b-4ce4-a468-038fdfdf8724
5269a8bd-9e96-4443-b931-5cc8132736de,ab5de278-b3cc-4951-861f-3f781ff86c54
60aa4184-160d-4a35-9cec-6df9a6a6252e,5b3a9ac2-713a-4ca9-a8e7-57083ff16f8c
30314b27-0738-44f4-90cb-d4f3ae683b34,f3a03844-bb97-49d9-bd42-0d0b331e2cf2
fedd79a9-78ae-4a78-9106-b2a4c609ee95,40a5d735-cda1-45fd-b843-0260b0d27133
fedd79a9-78ae-4a78-9106-b2a4c609ee95,aecd6167-7322-4763-ad10-e57c16b08597
2b05286a-2faa-4182-a253-e147cd2b4eba,90378573-2931-4c1e-badc-720b38d04f8a
2b05286a-2faa-4182-a253-e147cd2b4eba,53cbe7d2-b628-4953-869c-16f229132007
2b05286a-2faa-4182-a253-e147cd2b4eba,f8d10f12-c619-4f65-aa15-78cb984c2d36
393c92bf-86de-46fd-8481-a84d85589fdd,9061a6e6-0a36-498f-9708-fc818ffb8344
393c92bf-86de-46fd-8481-a84d85589fdd,ba024cd5-9593-40e2-98ed-645f37f57115
9c8e8712-e799-48db-9756-1e0616f3c0b1,d9b14abd-7306-44a8-a4fc-d4021ceff910
9c8e8712-e799-48db-9756-1e0616f3c0b1,2dd49636-45ae-4085-a99d-8bc0d2cc9e8b
54d75eb7-9b06-4868-82de-14a01da33110,e346a171-5d4f-4a67-9f64-8c5de8d2fb8d
54d75eb7-9b06-4868-82de-14a01da33110,12a96c78-54d7-4d78-a87f-0f380ffaee8c
4d320ddd-26e1-4619-a72a-78c72f6cc6d8,d278e8ea-62ef-4210-b8f1-f63295ce24ce
4d320ddd-26e1-4619-a72a-78c72f6cc6d8,f0b6e670-b557-40b2-b0a3-9c17339dfaee
4d320ddd-26e1-4619-a72a-78c72f6cc6d8,21f7a84b-1f04-456f-99a9-a7449c47b91e
ed641a17-aa39-4b13-8a2e-d029bbcf671c,51095514-a7bb-4351-9c87-e4bc71a145a1
ed641a17-aa39-4b13-8a2e-d029bbcf671c,4e935d48-0eaf-486b-b79c-121f8dc9a8a9
4980230a-2dae-4433-824b-2350f47d307b,9371f007-c28a-4cb5-bf09-b9c026cb99cc
4980230a-2dae-4433-824b-2350f47d307b,ba0bafb6-79ce-4f51-9a9a-82ab1b4ea32a
6cd6323b-a689-47dd-aa9a-5ac53a73b296,ddb5a6d1-4d3b-470d-a44f-2be4d07ba5bb
c281e2e4-d1ab-4267-8f5d-a2581bab429c,5593b54e-4e79-47b7-a5eb-c037b1cec932
c281e2e4-d1ab-4267-8f5d-a2581bab429c,d0154348-d3b2-4e40-8318-39cc7f0e7965
41cc5b0c-359a-486b-b87a-b0cdfece0037,04229ae4-97a8-4dc6-8a98-41e5dc1388be
bb3e1300-935a-413b-9f40-f5031fa4e29c,519c07fc-040e-4a5b-8256-ac87cae5e0b7
6060f5f2-3339-4bc0-a8f8-a3da9e5ab6ca,fa8e9e2d-2f96-4f66-a590-962ef8d97db5
6060f5f2-3339-4bc0-a8f8-a3da9e5ab6ca,2cda4c74-b22f-4d92-a375-6b86fc974ce0
7c4b2279-fa4e-4008-a8bd-b95db9c077ad,1092f16c-bf84-42eb-aaa3-6f6563fb180c
7c4b2279-fa4e-4008-a8bd-b95db9c077ad,5ac9bf3a-4f82-476b-91e7-189fc08718d9
3fb62041-2e4a-49c5-94eb-3b5d77775ad7,145caf7f-7fbe-425f-ab44-015be43c70a1
3fb62041-2e4a-49c5-94eb-3b5d77775ad7,49c5577f-cf0c-4ec9-9e14-0ac80529e31f
43a22a88-5b43-480a-b9d6-3c3729636088,b94ac6d4-2176-4c96-a44a-0d333521eee3
43a22a88-5b43-480a-b9d6-3c3729636088,70d3c3ce-7cc5-4ff2-9470-62c996f43d81
43a22a88-5b43-480a-b9d6-3c3729636088,975d633f-fbd1-4f60-95ea-878cdbcf5798
bb10c089-aa62-434c-8a0c-e7bb8e8b6b95,749953fa-9666-4d87-a6fc-02882656e301
bb10c089-aa62-434c-8a0c-e7bb8e8b6b95,758e8c53-dde9-4e0d-89e6-48cb0ec3fc54
12ee33e6-cef6-4803-91fb-9687069fdbb3,20fc52cc-7267-4374-85d3-2d1c2d4c1b57
12ee33e6-cef6-4803-91fb-9687069fdbb3,caf26f9d-3e78-43cc-b1ea-db7f1e9d549f
49d9107e-6ccd-4ded-8d5d-d2ff77df2efa,4168699b-69be-4f78-b7c5-2cf343de8e90
49d9107e-6ccd-4ded-8d5d-d2ff77df2efa,623011d3-7955-432c-b2e3-3f32254dc795
699020f8-039e-43a0-b35d-d52c1fda708b,0e93be4f-2c24-4d5e-a4b2-f826b7b762be
699020f8-039e-43a0-b35d-d52c1fda708b,98483f68-d940-4e08-9b5c-628f79ff54c4
96ac3c82-ea49-4642-a912-e560207c6de5,407c2803-972b-491a-aa8b-1526b1f929b4
96ac3c82-ea49-4642-a912-e560207c6de5,c5cf265d-3253-49d7-a7ae-df1e06093ef7
55a15ed6-e4f8-4dab-b225-0e06739d938a,afe031bb-2c16-4836-aa26-6ab3e4f06c21
f482cac8-dff7-44f0-bf30-104016d8e888,3facbbf1-f144-47e7-af36-2122a075ed38
f482cac8-dff7-44f0-bf30-104016d8e888,9c011376-8371-4eed-ba02-8b6c262d7d38
6e9f2de7-8091-4e7c-9fd0-c895f557f468,fa8e9e2d-2f96-4f66-a590-962ef8d97db5
6e9f2de7-8091-4e7c-9fd0-c895f557f468,5b6a6ed6-f5b0-4d46-b65d-c2021241bbbe
6e9f2de7-8091-4e7c-9fd0-c895f557f468,0345218d-ca69-4e27-a698-8844f36eec51
5d03cb39-5073-4607-a3b0-fdbb0cbf46e3,7a0e54f8-c240-49ea-8dee-5cf70b3f6e52
5d03cb39-5073-4607-a3b0-fdbb0cbf46e3,a0d4e854-012a-488e-98a7-fd1092631a5e
4bd318c9-d44b-47be-8f81-7cfa7e6e91f6,afe031bb-2c16-4836-aa26-6ab3e4f06c21
4bd318c9-d44b-47be-8f81-7cfa7e6e91f6,6c9c6467-f1a7-4e8b-8c4a-59334fddbb54
e19798d5-a96f-4733-b863-ec54c153de14,e520357f-e7f4-4142-8272-b32dc8edfa29
5333d165-7fa2-4afb-883f-c93a767b10b7,f21e3f28-3da3-42e3-a1be-d6fe3ec4cd97
5333d165-7fa2-4afb-883f-c93a767b10b7,eea687fe-8cd2-441e-bf3f-0849e11180d7
5333d165-7fa2-4afb-883f-c93a767b10b7,43815241-42d5-4d9f-a899-605bf39142b6
0da33622-e903-4c59-b215-c1865260fff2,be542af5-f4b7-455f-80d0-ed1e5bffe3d1
87da11dc-2524-45a3-9e76-c13a19e37ed7,ba024cd5-9593-40e2-98ed-645f37f57115
91092b0b-2750-47d2-bcf1-f213bcacfb78,0081b5b4-5f04-4f32-89ac-474fa56e762d
6250f3d5-5e53-4bfc-91d9-689c5b2aadf7,21db0fbe-0310-4e29-ae63-893a1a2b57c0
6250f3d5-5e53-4bfc-91d9-689c5b2aadf7,861088a9-d67a-4abb-a1c1-3013aa50e4c6
6250f3d5-5e53-4bfc-91d9-689c5b2aadf7,2aca9bf1-0b35-4027-8848-de5609ca0b9e
c3360828-8267-4e06-a41d-7aaa82679809,911e9d9d-95db-48aa-bfab-34889fa9c9ac
c3360828-8267-4e06-a41d-7aaa82679809,6af405e8-05dd-4ce2-8261-ee3212946ec0
db0d9aed-1e89-4d82-b845-4a6c6bd42a0c,25e26a2c-f62c-4ead-9247-888884647d27
78886bfa-1218-4c27-828a-05a3da5190b6,c4134ea5-3b9a-43e6-8267-5ef44977f998
f1c577ec-c679-4ca5-a60e-603aa1e9a900,a22e11f1-af3c-4dab-a1a2-c96432b651f5
f1c577ec-c679-4ca5-a60e-603aa1e9a900,d8db87bb-b17e-4471-8596-71b1c748783d
f1c577ec-c679-4ca5-a60e-603aa1e9a900,b3ab4733-c13d-4651-9dd8-efb5e93e3e4e
44e21ea4-02cb-4949-b8a6-03d197abebce,e346a171-5d4f-4a67-9f64-8c5de8d2fb8d
44e21ea4-02cb-4949-b8a6-03d197abebce,e2684df6-0588-41ca-be44-8ba41c2eedc9
44e21ea4-02cb-4949-b8a6-03d197abebce,3e488e20-c6e6-49a9-84e2-aa841a1716e2
dfdc2b13-6e2a-44fb-a19f-dd77219e4466,743e1222-6b08-4c28-b939-a2076506aa9a
dfdc2b13-6e2a-44fb-a19f-dd77219e4466,5ba31c33-ff4c-4dbb-8775-ff5c19338073
dfdc2b13-6e2a-44fb-a19f-dd77219e4466,0b57f079-255a-4d86-b9f6-76ffa0f35721
6aa09096-6ba7-4e8b-a395-7e7fe42d11da,aad3c42a-0fb4-45fc-839a-f0be5faedbc4
6aa09096-6ba7-4e8b-a395-7e7fe42d11da,30d6e82c-876a-43a4-a709-0908a98c4f98
f316c40a-8adc-4f15-8099-11c56cd0f773,829c0903-6fe5-47fd-a39a-dc81d2824e19
f316c40a-8adc-4f15-8099-11c56cd0f773,b3640f21-472c-4faa-b91a-c25d91ae3546
074ed43c-c785-4d45-9d8d-58388c9e9b61,8115ca77-f965-4b0f-91ab-f8c73af080d5
074ed43c-c785-4d45-9d8d-58388c9e9b61,0116547d-098a-49f9-94e6-e5a4a64dc56e
9bcba085-5d23-4d68-99bd-2d64be24b72a,61c9bf9e-431a-411c-ad3f-0ff7aff15516
9bcba085-5d23-4d68-99bd-2d64be24b72a,4e18791b-4d1c-40c1-af0f-22d7bb2a0043
d510ffae-d76c-4780-a5bf-31b3aafc0e30,80828a4c-fcc2-4371-a874-875b1d3a687d
9ae98d92-3079-4e51-aeee-d090368c8495,291c346a-32f6-4b05-99d8-b25592d6cabc
9ae98d92-3079-4e51-aeee-d090368c8495,2cda4c74-b22f-4d92-a375-6b86fc974ce0
6e65986e-4980-40de-bc31-fedc3b50f882,64f61150-b2b4-4497-8f01-7ea2541e5c4c
6e65986e-4980-40de-bc31-fedc3b50f882,a1f7adf2-3b69-4d43-aba9-c3eeaa23bd4e
f85a5c7e-cfc5-4bcd-beb5-c7b1b267ea61,cf2a601b-82f2-4163-ae13-3279119bec1b
f85a5c7e-cfc5-4bcd-beb5-c7b1b267ea61,b2f4241f-9c12-4583-843d-ab18cb68cd74
75a707fa-bdf0-4d04-9bd5-837446b15667,3424159c-59b2-4f0e-9075-2f3f81b67ab4
bfb0d050-41d2-4f28-b960-6497d98a906d,bdba7c15-5f17-4b2a-820a-cfb90335da44
a293568a-b9fd-41bb-b143-0287e4a7c078,9f0ceda0-ee3f-4fb7-bc74-bf31524b3ef6
f2cf1d0b-95f6-4011-ade8-f5d3aae2159b,a3c667fb-5e66-4770-b5c3-04d14ed7f4ca
f2cf1d0b-95f6-4011-ade8-f5d3aae2159b,c608062b-e0f9-40ef-b349-76926a9c2b2d
b288a785-30b3-458b-a93f-03b61e54cc6c,ada117cd-c905-4b73-9a96-7154674a9890
b288a785-30b3-458b-a93f-03b61e54cc6c,06e36bc3-9b80-440f-bc02-3eae77279c07
b288a785-30b3-458b-a93f-03b61e54cc6c,4350d1f0-5558-461c-84a1-f36fbce0f568
89a0031b-2e0d-434b-8da7-e6c2c9c11026,3b3314b6-cc34-45c8-a692-d5a17970bdb4
89a0031b-2e0d-434b-8da7-e6c2c9c11026,22432b62-61e5-4a19-898e-eaf3e72fce12
89a0031b-2e0d-434b-8da7-e6c2c9c11026,6d548436-99b3-4e95-b6ea-2b785b37b55d
24af9762-9a86-4d01-999c-bc32730904ed,1f9992cc-6785-46de-a293-d997bac95fd3
24af9762-9a86-4d01-999c-bc32730904ed,0e93be4f-2c24-4d5e-a4b2-f826b7b762be
24af9762-9a86-4d01-999c-bc32730904ed,5ba31c33-ff4c-4dbb-8775-ff5c19338073
ad2cad45-c7dd-4102-8558-703254c39337,52797677-6f92-477f-a2d1-13483d5e5768
2d8208e9-45ac-44fe-9eb5-705ec9229f26,1d11e7cb-840f-4831-86bd-26d6b09e0987
2d8208e9-45ac-44fe-9eb5-705ec9229f26,bdba7c15-5f17-4b2a-820a-cfb90335da44
79f05e41-f041-4f8d-98d8-0f39eaa4fd0e,14c17395-1e43-47f4-9a11-2234de336e2f
73fba094-1324-49fb-b2f0-e8a3d3fd5cc3,7a0e54f8-c240-49ea-8dee-5cf70b3f6e52
73fba094-1324-49fb-b2f0-e8a3d3fd5cc3,f9ced96e-f37f-426c-8906-d4ff9135a453
73fba094-1324-49fb-b2f0-e8a3d3fd5cc3,7bc288e7-5723-4b19-b2d1-3f23740b1d7a
2ccb4eea-2ab9-4649-9db5-46b1b9d60547,4e18791b-4d1c-40c1-af0f-22d7bb2a0043
2ccb4eea-2ab9-4649-9db5-46b1b9d60547,d9b14abd-7306-44a8-a4fc-d4021ceff910
4780472c-47fe-4a7d-9e28-f5b901df3a0d,484c3dc0-b9cc-4bab-8ced-2122bd7fce5a
4780472c-47fe-4a7d-9e28-f5b901df3a0d,63d1085a-9423-46c6-a9ec-191e88c5a0f0
729e14f5-4f03-4a9e-a33f-3f44b4c481bd,3b3314b6-cc34-45c8-a692-d5a17970bdb4
d1e73a16-73d2-4e9e-b5b5-da4e0e0fd791,cecd7859-1690-43e6-b113-060c8af70aa4
785f4544-c665-45f6-a96c-560d38a4e587,519c07fc-040e-4a5b-8256-ac87cae5e0b7
785f4544-c665-45f6-a96c-560d38a4e587,49c5577f-cf0c-4ec9-9e14-0ac80529e31f
d485249c-aa6f-4fbc-831e-cadc17904e4c,c6d919d7-5059-4daf-896c-64c1ba18b7cc
d485249c-aa6f-4fbc-831e-cadc17904e4c,bf4abdf5-2fe2-4fe7-a054-fbe64c5d0584
d485249c-aa6f-4fbc-831e-cadc17904e4c,55597e3e-fd20-4b18-a374-3b4c5d795336
f7073eaa-cb0c-4598-a3e5-2aca7930126b,d141b68a-c4df-456b-a204-1abf6ab86e29
f7073eaa-cb0c-4598-a3e5-2aca7930126b,2f9ab391-e1aa-44f4-9493-b213dfaedde5
5baa79e6-f9bb-4bb6-9406-88eb4e34f209,4168699b-69be-4f78-b7c5-2cf343de8e90
5baa79e6-f9bb-4bb6-9406-88eb4e34f209,9dac0684-5adb-4792-9c9f-38bb74ab069f
5baa79e6-f9bb-4bb6-9406-88eb4e34f209,3facbbf1-f144-47e7-af36-2122a075ed38
7cefd284-b411-4e38-86c7-fefb9f49009f,ad48a76f-4765-4ea0-8808-8bb62bb81868
7cefd284-b411-4e38-86c7-fefb9f49009f,09dc3e3e-af1b-4751-9f80-2d255e9e401a
7cefd284-b411-4e38-86c7-fefb9f49009f,67849139-38dc-41d2-ae26-2dd37f6b035f
5450f624-d017-4255-94ca-f10fb3a102a6,f76c99e6-b1ff-4e89-b6e7-15d385c26738
8b5971b8-97c0-49c9-a3fc-efda286fe309,8759b75e-308a-4865-bdb6-3439c7632bb0
0949ba32-4353-4b28-b606-af4b4bdd169c,32cb1c6d-bfe5-47cd-9b3e-14fd2ffe519b
0949ba32-4353-4b28-b606-af4b4bdd169c,20ade8db-8547-43de-85ad-2f6aee6d4f66
2b138e44-fc25-493c-becf-c20d82fa2daf,0b8044fd-b3e5-491f-8940-3c52362909c8
2b138e44-fc25-493c-becf-c20d82fa2daf,d9b14abd-7306-44a8-a4fc-d4021ceff910
890eaf4e-1741-4049-b5b8-604935aabedc,dcf6be3d-7278-4184-a466-dc2a39ddbd5f
890eaf4e-1741-4049-b5b8-604935aabedc,d9b14abd-7306-44a8-a4fc-d4021ceff910
b3f62ac0-5c23-4e40-8efb-3d7af5b2e6dc,5becdb32-dcc6-4f0a-9ff0-5ba9dbcf540c
d62237de-8b36-4698-8fa4-4f5be28b0d14,f45bce6e-b4c3-4315-92d0-ca22bb6e3b67
27dc301f-f6b4-467e-8f78-93356d9f86d8,6f682b67-c7e1-4e0a-b3ac-74bb278bfaae
27dc301f-f6b4-467e-8f78-93356d9f86d8,8115ca77-f965-4b0f-91ab-f8c73af080d5
27dc301f-f6b4-467e-8f78-93356d9f86d8,12bca166-bde1-4629-aa5a-d8e915fda17c
9ba6fd8f-4a1d-4cf0-98c2-0b16f4fa7dd3,2340c74e-d225-4fed-a702-df001855bb73
9ba6fd8f-4a1d-4cf0-98c2-0b16f4fa7dd3,f8d10f12-c619-4f65-aa15-78cb984c2d36
cedb6cf6-16a0-4e2b-9201-50a0dd6674f3,52797677-6f92-477f-a2d1-13483d5e5768
cedb6cf6-16a0-4e2b-9201-50a0dd6674f3,0345218d-ca69-4e27-a698-8844f36eec51
cedb6cf6-16a0-4e2b-9201-50a0dd6674f3,6465a771-3436-4046-a97d-232fd8607e56
22bd24b3-4490-45e5-9e8c-2e93dbe5c8ba,2a41f0d8-034c-4939-bb48-7d977407a6a3
22bd24b3-4490-45e5-9e8c-2e93dbe5c8ba,c60cac60-2934-4057-863e-4fd68babc9d6
22bd24b3-4490-45e5-9e8c-2e93dbe5c8ba,91b9092d-dab6-40ce-af9d-c8621c5b818b
73abb563-f8ef-4e4c-b7fc-547700d7c0b3,e1b39941-1d40-4019-b3b1-25997d1f09c5
73abb563-f8ef-4e4c-b7fc-547700d7c0b3,ef048b02-953a-43a1-be0a-c4745bc7b9bc
3d438fab-f4e0-42dd-b97a-682ca6eb90ba,aac6d226-1bd9-49f2-a6aa-a2bde68a17c4
3d438fab-f4e0-42dd-b97a-682ca6eb90ba,5dda8ad3-560c-4e80-a49b-bec4619efcd9
3d438fab-f4e0-42dd-b97a-682ca6eb90ba,88cf3a63-1aaa-4d55-bcb5-8bf012cdad9e
5a3059a8-0049-4715-9419-a2a214b43d94,33e6cd37-9eb8-4719-af68-d0b0d5141af9
5a3059a8-0049-4715-9419-a2a214b43d94,e12340c8-8f9e-47f1-9b1f-1e009c23ca52
5a3059a8-0049-4715-9419-a2a214b43d94,2340c74e-d225-4fed-a702-df001855bb73
dd5acb4a-c1bf-4800-a090-0a0ae44b0d5f,b6b4dcaa-b743-4f20-a6fc-531acc14a82f
dd5acb4a-c1bf-4800-a090-0a0ae44b0d5f,145caf7f-7fbe-425f-ab44-015be43c70a1
f880d690-7376-4e0b-94de-f167791ca179,a4c020b1-b512-468a-b0cc-100f8905af71
f880d690-7376-4e0b-94de-f167791ca179,f21e3f28-3da3-42e3-a1be-d6fe3ec4cd97
eb723da7-5d58-4625-ba51-9bc5b4f462df,6aa8743a-9f37-4ac8-9f9d-1253397ae1d6
fe9b8d7c-c76c-49f7-8266-16d502000e94,61e52ec3-6e88-4fb3-8fd0-a47260c99da4
afb09394-fd88-4ad0-bb06-dc2aeeed9cd0,d6776bad-308b-4744-a82c-56c5741df9fc
afb09394-fd88-4ad0-bb06-dc2aeeed9cd0,e346a171-5d4f-4a67-9f64-8c5de8d2fb8d
afb09394-fd88-4ad0-bb06-dc2aeeed9cd0,42fd8721-0c15-414c-a807-a11d6576e3a4
7c2fe628-11a0-4dca-8888-4daace8c6289,6fbb896e-48df-440a-8f9e-ae56d067c2e5
7c2fe628-11a0-4dca-8888-4daace8c6289,18de76b0-623f-4a20-ae66-005796120465
f1b95e8e-12df-472e-9a59-cbe400f7073b,3214ed18-ea48-4d4d-aa98-b3d86b78f95e
f1b95e8e-12df-472e-9a59-cbe400f7073b,0e93be4f-2c24-4d5e-a4b2-f826b7b762be
54a69c05-a4f6-4dd9-b4a2-92441af10d91,49c5577f-cf0c-4ec9-9e14-0ac80529e31f
54a69c05-a4f6-4dd9-b4a2-92441af10d91,282fbd56-65e1-43d9-8c6e-43ea6ffe89ba
db58c16a-3b01-4ec6-80d1-68777abe148a,c6d919d7-5059-4daf-896c-64c1ba18b7cc
db58c16a-3b01-4ec6-80d1-68777abe148a,50ab2512-c730-4a5f-90a6-51f6923e5e50
db58c16a-3b01-4ec6-80d1-68777abe148a,545af5ed-50a7-4d78-9b80-fa3263d4873a
61ba0d53-9801-4a5d-9f30-23035814d530,25bdf2a8-ac95-4b41-9c90-c5a8b592fa31
61ba0d53-9801-4a5d-9f30-23035814d530,7894a0e8-f168-4219-a29e-b61099424b38
61ba0d53-9801-4a5d-9f30-23035814d530,6b466857-c76c-43c7-8b02-e80f05023b16
7a053b28-7c75-4a53-8868-52d71bf5b696,4c5964c8-2dff-40b7-ae64-c6d2a59753a7
7a053b28-7c75-4a53-8868-52d71bf5b696,cc8390c0-5b9c-4916-afa5-4af2be426e50
7a053b28-7c75-4a53-8868-52d71bf5b696,a97e2da5-ce23-4ead-b775-e5aee45e286f
ac708b0f-0139-4e77-893d-e53ef0b75da7,9c011376-8371-4eed-ba02-8b6c262d7d38
ac708b0f-0139-4e77-893d-e53ef0b75da7,5d9078b2-4934-49a9-8278-3e039cbdf914
05c81aca-20e7-4064-ab05-93cbbb2d0347,7008da68-63f0-4867-9e78-3635a87a5b59
05c81aca-20e7-4064-ab05-93cbbb2d0347,f749e074-a13a-4be9-9365-20d55dccd6c3
05c81aca-20e7-4064-ab05-93cbbb2d0347,72b4f19f-0dc9-4e79-bfab-f6a29ff015db
b9c610ff-0e12-48e0-bf60-0704781d0564,0e0374c0-ccb5-498d-89ae-55ed1ceaa852
b9c610ff-0e12-48e0-bf60-0704781d0564,fe1621d8-ecd8-4755-b08a-86d644b47c1e
b9c610ff-0e12-48e0-bf60-0704781d0564,f37c4531-9594-4351-bbd0-1b2dad4342f4
709fea27-f435-4492-9290-ff3510c69f38,120a5287-89c5-47b4-894a-c1e7ac651b9d
709fea27-f435-4492-9290-ff3510c69f38,14c17395-1e43-47f4-9a11-2234de336e2f
7127f914-839a-437c-ad08-8d6b41b90a57,f45bce6e-b4c3-4315-92d0-ca22bb6e3b67
7127f914-839a-437c-ad08-8d6b41b90a57,249f9f93-f90f-40fb-9cd9-d01fc2151249
abe715c8-7909-4b72-805a-1257ac442d23,18ab308c-555c-4ef5-8ec1-19f2112afc95
abe715c8-7909-4b72-805a-1257ac442d23,2dd49636-45ae-4085-a99d-8bc0d2cc9e8b
51dc8a28-b095-4097-98ba-7382cbe73fab,db2a9b2d-c779-4c4b-b4b9-bc13449b7eb8
51dc8a28-b095-4097-98ba-7382cbe73fab,53cbe7d2-b628-4953-869c-16f229132007
51dc8a28-b095-4097-98ba-7382cbe73fab,ee7c6d8a-c45b-43a5-be32-796cbed1d5ce
754dd9fd-4eac-4773-bc15-ac86f76fb83a,50e4b5dd-550e-4568-9ffc-ce5bfa7f97e3
754dd9fd-4eac-4773-bc15-ac86f76fb83a,58c29cea-4f23-4263-a5b8-c06662b06b8e
754dd9fd-4eac-4773-bc15-ac86f76fb83a,7bf7a6c4-e6d9-4ff4-a782-c6f33e3ca554
0233780b-81c7-4927-b218-9392e2dc3335,f7f070ac-9607-4c77-9cec-f6679331bda7
0233780b-81c7-4927-b218-9392e2dc3335,db2a9b2d-c779-4c4b-b4b9-bc13449b7eb8
7b5b0fb0-9fec-4674-9432-a55c57011cdf,61c9bf9e-431a-411c-ad3f-0ff7aff15516
7f5226be-d6d7-4638-b688-7fadadc613e2,cc8390c0-5b9c-4916-afa5-4af2be426e50
7f5226be-d6d7-4638-b688-7fadadc613e2,0b57f079-255a-4d86-b9f6-76ffa0f35721
88d88a6c-ef6e-4b35-b2cc-e673dc8ffcf5,4d52c4f4-0f98-466f-a39d-24c886af177d
88d88a6c-ef6e-4b35-b2cc-e673dc8ffcf5,657e1106-6650-44e9-9d59-eef54bfae4cc
d0a900f4-d195-4212-9689-0de55a418a5c,0e93be4f-2c24-4d5e-a4b2-f826b7b762be
e650cbf2-13b2-4b5c-aad9-8250ddf197ee,df807c07-3202-46ad-aa00-3e5edb0ed40f
e650cbf2-13b2-4b5c-aad9-8250ddf197ee,8444d775-5d05-456f-95ce-ad42be7a8be8
e650cbf2-13b2-4b5c-aad9-8250ddf197ee,a9fa63b2-8ec8-44f0-a803-0eaf855b3d00
d7b80548-95fc-4167-b6ae-11762042967e,abf1810d-b32b-4703-ae35-bd937090b733
d7b80548-95fc-4167-b6ae-11762042967e,3dbe2975-7056-43f2-81f4-cd8e6fe84827
ff449f65-7de6-4606-92cd-3e4828ac390a,045e54e2-809f-42aa-9f06-f05eaf7ec26c
20351a4f-790b-42b6-aa68-97001d6a132c,cc93abc5-d5be-4a21-8d7f-939d6e5e4464
20351a4f-790b-42b6-aa68-97001d6a132c,8cc1d82f-8785-4c38-beba-c1553f369d2c
a209f561-c666-4ec7-904c-49ffd42b1812,05a2617c-795c-42c4-b8ee-16b005f9d305
a209f561-c666-4ec7-904c-49ffd42b1812,19c0e46c-1ceb-4906-8961-5f323cfd6476
73d3b823-4530-468a-bb5d-93a89a28204e,a97e2da5-ce23-4ead-b775-e5aee45e286f
73d3b823-4530-468a-bb5d-93a89a28204e,6ca3cd1c-8946-4112-b59b-50b4bf832981
7cbe4e84-8284-432a-ab63-25e309cb5e4b,f5526847-6186-4c45-9ac7-9ca817201654
20e17e7c-8cbe-4224-839b-1ce87ee2d39d,bbf21238-4be9-4fb1-b467-c7fa23d0370c
20e17e7c-8cbe-4224-839b-1ce87ee2d39d,2cda4c74-b22f-4d92-a375-6b86fc974ce0
20e17e7c-8cbe-4224-839b-1ce87ee2d39d,ece50c94-b70d-48f2-9801-5040e1c308b8
30551742-616b-4051-8b74-a8a411119f1e,9c011376-8371-4eed-ba02-8b6c262d7d38
30551742-616b-4051-8b74-a8a411119f1e,407c2803-972b-491a-aa8b-1526b1f929b4
764a7b31-4f0c-48f6-9af5-f84b159c7198,d47f7284-ba66-4152-a228-744491c6f1ef
764a7b31-4f0c-48f6-9af5-f84b159c7198,ddeac962-9488-4f8c-aae7-bf4a415b4752
764a7b31-4f0c-48f6-9af5-f84b159c7198,a6b9a213-873d-4b36-8916-b6f5bf136974
c57e1d67-2d2b-46c7-a2e5-1660d0f4280d,50e4b5dd-550e-4568-9ffc-ce5bfa7f97e3
c57e1d67-2d2b-46c7-a2e5-1660d0f4280d,b10c7330-ba79-46f7-9461-d2d844cc2ff5
d4ac2661-93f9-4656-9e96-b1913e7b8bc5,5e57a6e8-445e-49d9-99e5-1dbf8f09f04d
d4ac2661-93f9-4656-9e96-b1913e7b8bc5,6b466857-c76c-43c7-8b02-e80f05023b16
d4ac2661-93f9-4656-9e96-b1913e7b8bc5,d09b3183-2aaf-437b-bdfa-3cbf843928ed
11ced071-9096-4531-bbd8-72450c7c361c,fc03846d-dd29-4a16-b6d8-a06ce4dcc6e4
11ced071-9096-4531-bbd8-72450c7c361c,aad3c42a-0fb4-45fc-839a-f0be5faedbc4
6d67da43-658d-47aa-8ec3-83e97ff6c28e,5dda8ad3-560c-4e80-a49b-bec4619efcd9
6d67da43-658d-47aa-8ec3-83e97ff6c28e,16179e4e-b02b-4e11-909a-4ba198be60a6
6d67da43-658d-47aa-8ec3-83e97ff6c28e,5b3a9ac2-713a-4ca9-a8e7-57083ff16f8c
d3d98436-5766-466c-bbc6-ac1c8dd62084,58348273-ed2d-435e-993f-00c1af42a448
d3d98436-5766-466c-bbc6-ac1c8dd62084,3ef2de17-4cca-4a88-8d35-4a67743effec
7660bc2d-31da-432c-bb84-893c387debf3,7a6c31bc-c235-4726-a76d-23486867bbbc
7660bc2d-31da-432c-bb84-893c387debf3,22432b62-61e5-4a19-898e-eaf3e72fce12
101a9f58-2123-470a-8e0d-4a88dab94fc7,a2e1af25-d925-4a1c-bea3-24732e2d850d
101a9f58-2123-470a-8e0d-4a88dab94fc7,bb31c227-09f3-4af9-8e95-65198e4c38c8
101a9f58-2123-470a-8e0d-4a88dab94fc7,366103a4-33d0-4fb8-9f6b-f8f12c6cf21a
8bb72ce4-dd2f-45da-adff-65143a785122,6a5a7f5b-645f-470b-80a3-f28af251e46d
8bb72ce4-dd2f-45da-adff-65143a785122,4fc441dd-fb38-415f-bc79-24a1975fa0fd
8bb72ce4-dd2f-45da-adff-65143a785122,ab5f83b1-62f2-4f31-bf9e-7a24c0b7c558
3699b969-28e5-4714-a033-8f7c5f00a63f,f14f480e-aeed-43e3-84ea-bbaa533dcf62
3699b969-28e5-4714-a033-8f7c5f00a63f,366103a4-33d0-4fb8-9f6b-f8f12c6cf21a
853fb27d-43da-41cc-ad38-0f5f5cfc0606,bf4abdf5-2fe2-4fe7-a054-fbe64c5d0584
853fb27d-43da-41cc-ad38-0f5f5cfc0606,58c29cea-4f23-4263-a5b8-c06662b06b8e
853fb27d-43da-41cc-ad38-0f5f5cfc0606,61c9bf9e-431a-411c-ad3f-0ff7aff15516
6887eda6-a41e-44a7-9099-447012153066,a9fa63b2-8ec8-44f0-a803-0eaf855b3d00
055dff98-809e-43b5-b86b-b384c29fd856,db2a9b2d-c779-4c4b-b4b9-bc13449b7eb8
f6030d5d-2de0-4adb-81e5-a0c44671a793,54667f30-0be7-4871-b441-f2c4e22cf48c
f6030d5d-2de0-4adb-81e5-a0c44671a793,5d9ac460-74fb-4f52-b3e9-01e6300afc9b
89c68067-d882-4731-8870-ac107e1cc96d,40a5d735-cda1-45fd-b843-0260b0d27133
5a024b53-e04a-439c-a452-780d766c3cad,12a96c78-54d7-4d78-a87f-0f380ffaee8c
5a024b53-e04a-439c-a452-780d766c3cad,f37a0d01-e0a0-4c4c-87a8-d1f439ae0167
5a024b53-e04a-439c-a452-780d766c3cad,ba7f0733-3634-4e35-81a5-694cf95a099a
24840f0e-7ac7-4ba5-a2f6-37d9eee00621,97ad9d88-56c1-4a09-ad8f-314d93de34e7
6f07d8e8-f24f-47c0-a086-686e61625d31,f8d10f12-c619-4f65-aa15-78cb984c2d36
6f07d8e8-f24f-47c0-a086-686e61625d31,d7c5b972-f1d0-4cf3-923e-5b667c49b39f
624d16dc-e50b-459f-9217-30706dbf69f8,55597e3e-fd20-4b18-a374-3b4c5d795336
624d16dc-e50b-459f-9217-30706dbf69f8,1295c0fb-2a2b-4d88-a3e2-86fb7a3e87ab
7652efba-3315-4d51-a4e7-4d3a9057f136,1c5c84e0-02c1-426e-b384-cebd396a1492
7652efba-3315-4d51-a4e7-4d3a9057f136,b00b245e-df05-4036-a0cd-5933908f431f
bc0cd56b-987e-41b0-a372-9c3e8a07441b,cf2a601b-82f2-4163-ae13-3279119bec1b
db066593-a47c-4106-922c-a03ffa29d2bc,bf4abdf5-2fe2-4fe7-a054-fbe64c5d0584
db066593-a47c-4106-922c-a03ffa29d2bc,bb31c227-09f3-4af9-8e95-65198e4c38c8
38957f73-faf0-4b56-8a5f-9cc9b03a3b90,2a41f0d8-034c-4939-bb48-7d977407a6a3
d9d7077c-21b1-43be-99e5-f628dceab378,19e17a32-ef08-4691-97de-fc275f1f367d
2f802db8-bd72-4348-ba41-842947fdbec2,7924c1c7-a069-4389-8c3f-db4fd23e2054
2f802db8-bd72-4348-ba41-842947fdbec2,e6d37c1f-3910-45e3-a260-475c983503fb
2f802db8-bd72-4348-ba41-842947fdbec2,fe1621d8-ecd8-4755-b08a-86d644b47c1e
24115056-28ad-4fac-a17e-1dc7d12f8471,682ea24b-2dbf-4c14-a6ab-2a6d300181bf
24115056-28ad-4fac-a17e-1dc7d12f8471,3e488e20-c6e6-49a9-84e2-aa841a1716e2
24115056-28ad-4fac-a17e-1dc7d12f8471,9633ceaa-0ab2-4773-a0b9-8546ab80176d
ea4f8637-474a-4cda-bd63-95ca75806824,4168699b-69be-4f78-b7c5-2cf343de8e90
ea4f8637-474a-4cda-bd63-95ca75806824,33e6cd37-9eb8-4719-af68-d0b0d5141af9
ea4f8637-474a-4cda-bd63-95ca75806824,89df0aef-c246-4158-ae47-109d0388d306
043e585d-1386-4294-b316-0eb99c670a34,829c0903-6fe5-47fd-a39a-dc81d2824e19
043e585d-1386-4294-b316-0eb99c670a34,e9dc135e-6d64-47fc-a6d9-8531e57fac13
93535912-16b7-4d52-9bed-0179ff582adc,21fbaa07-39ec-4852-be9a-d8ec4d6a1a93
93535912-16b7-4d52-9bed-0179ff582adc,6ad2b2d5-e651-4c30-b6f5-80661df4613b
1be062b5-63ab-44e1-b410-84d7748d2382,2aca9bf1-0b35-4027-8848-de5609ca0b9e
1be062b5-63ab-44e1-b410-84d7748d2382,5b6a6ed6-f5b0-4d46-b65d-c2021241bbbe
1be062b5-63ab-44e1-b410-84d7748d2382,926ad0da-cd24-49e8-a34e-7d6615e89982
1f4c982b-a2f3-44f5-a62b-b076a4e9bff6,dcf6be3d-7278-4184-a466-dc2a39ddbd5f
1f4c982b-a2f3-44f5-a62b-b076a4e9bff6,d47f7284-ba66-4152-a228-744491c6f1ef
1f4c982b-a2f3-44f5-a62b-b076a4e9bff6,05a2617c-795c-42c4-b8ee-16b005f9d305
184ebdf3-379f-41c2-98ef-06004ae471b5,64f61150-b2b4-4497-8f01-7ea2541e5c4c
4566ef2a-7a8d-4131-944b-801338a197f0,54667f30-0be7-4871-b441-f2c4e22cf48c
4566ef2a-7a8d-4131-944b-801338a197f0,4168699b-69be-4f78-b7c5-2cf343de8e90
4566ef2a-7a8d-4131-944b-801338a197f0,58c29cea-4f23-4263-a5b8-c06662b06b8e
c3409e8c-a2bb-43c9-93c2-a3ad3c173169,4168699b-69be-4f78-b7c5-2cf343de8e90
c3409e8c-a2bb-43c9-93c2-a3ad3c173169,519c07fc-040e-4a5b-8256-ac87cae5e0b7
9cf90ab6-bb8a-49b8-ac04-b19b4634a645,b94ac6d4-2176-4c96-a44a-0d333521eee3
9cf90ab6-bb8a-49b8-ac04-b19b4634a645,ef048b02-953a-43a1-be0a-c4745bc7b9bc
d17afacd-5556-424f-b26f-b8a3eae1fb44,09dc3e3e-af1b-4751-9f80-2d255e9e401a
d17afacd-5556-424f-b26f-b8a3eae1fb44,86d6b447-209b-4506-ab28-cd82590b5a6d
3afddb2d-edf5-44a3-b557-8555d213475e,b67c085d-99db-4abe-93ef-b6a49d4d87ba
3afddb2d-edf5-44a3-b557-8555d213475e,829c0903-6fe5-47fd-a39a-dc81d2824e19
aae7a76e-34a2-4c43-a8b7-37bccf02b287,758ad0fe-1b54-45c1-8b82-356faad09848
aae7a76e-34a2-4c43-a8b7-37bccf02b287,4fc441dd-fb38-415f-bc79-24a1975fa0fd
8e625594-86bb-4946-a25a-d720870e5b56,99d91de0-a0b8-4030-b490-74c158340e03
127d1dac-4a2e-4c67-a440-ba2ea069cebf,b48a60a7-2386-4845-bcfb-5c98f23e89ee
127d1dac-4a2e-4c67-a440-ba2ea069cebf,69527e1a-3a0e-49a5-acee-c8809c047cc5
9d5ddc5b-afed-4e9f-8e85-f968befc10ea,dc73e007-59af-41e8-bcb3-35ddedb9edd8
9d5ddc5b-afed-4e9f-8e85-f968befc10ea,adb10b9b-89f3-4f5d-a5c7-270b3997d654
27bce53e-c1d5-4c22-85cb-6cc3540b74e3,ba0bafb6-79ce-4f51-9a9a-82ab1b4ea32a
27bce53e-c1d5-4c22-85cb-6cc3540b74e3,99d91de0-a0b8-4030-b490-74c158340e03
0b61322b-6f9b-4f08-8012-30f39161ab21,2340c74e-d225-4fed-a702-df001855bb73
0b61322b-6f9b-4f08-8012-30f39161ab21,e2684df6-0588-41ca-be44-8ba41c2eedc9
0b61322b-6f9b-4f08-8012-30f39161ab21,8759b75e-308a-4865-bdb6-3439c7632bb0
2cc67901-8b5a-459c-a6bd-e4a753329435,33fa611d-0ea4-43da-a4a2-90dbb550391d
2cc67901-8b5a-459c-a6bd-e4a753329435,678e12bb-3e84-427a-a50d-7415f5267141
eea9b6be-3518-4515-a1bb-4c8d0c9bba92,2b30b5a9-478a-4f51-9028-7d9d3aedf3dd
eea9b6be-3518-4515-a1bb-4c8d0c9bba92,df7e8b4f-11ac-4e51-938b-1af903506837
eea9b6be-3518-4515-a1bb-4c8d0c9bba92,43815241-42d5-4d9f-a899-605bf39142b6
600cca93-a0b6-460f-8b7c-3dbd97afc218,e346a171-5d4f-4a67-9f64-8c5de8d2fb8d
600cca93-a0b6-460f-8b7c-3dbd97afc218,16a674a6-b564-401c-9b28-6bf19218d546
92d692bc-ab43-42cb-bc49-23518ab53bab,ddeac962-9488-4f8c-aae7-bf4a415b4752
18736f9f-c871-4496-a1b8-78314d5d8b79,73fc8516-8bb5-4815-8b9c-9faa9ea225a3
b3f87aad-97d8-49ff-b781-92f0990e6328,50eb90e7-ccea-4bbe-9794-ead3ef6cc4cf
b3f87aad-97d8-49ff-b781-92f0990e6328,d9e3d8aa-34e7-44dd-9789-e98a32de8891
cb35d965-e78a-4299-9a90-68d690beb87c,a3c667fb-5e66-4770-b5c3-04d14ed7f4ca
cb35d965-e78a-4299-9a90-68d690beb87c,7986c74d-15a1-4a44-8cc8-fd025c921b0d
cb35d965-e78a-4299-9a90-68d690beb87c,aac6d226-1bd9-49f2-a6aa-a2bde68a17c4
eb3b7195-c037-4afc-be04-c912ebcbe29c,2ec254ae-8b9f-41f6-9b7c-f64b00431ab2
eb3b7195-c037-4afc-be04-c912ebcbe29c,678e12bb-3e84-427a-a50d-7415f5267141
3be6e575-40be-435f-b452-4edb9b70cafa,20f56c9e-5399-4e18-8885-e6787f4c9a10
3be6e575-40be-435f-b452-4edb9b70cafa,6fbb896e-48df-440a-8f9e-ae56d067c2e5
3be6e575-40be-435f-b452-4edb9b70cafa,4d52c4f4-0f98-466f-a39d-24c886af177d
2882292b-107c-4d9b-93b2-ba44ec5fce9d,e93f7773-aba2-4dce-81ae-0297df311ad2
f2d5900a-097e-4b40-a4fc-f054baf2b0c0,da2d14eb-b2e1-4a47-bc7e-6e64d824f081
f2d5900a-097e-4b40-a4fc-f054baf2b0c0,b94ac6d4-2176-4c96-a44a-0d333521eee3
fa1468ea-c64e-453e-abd3-bc73a706eed1,2593d791-b5a2-4e25-b1c2-01fd1d4a9d37
fa1468ea-c64e-453e-abd3-bc73a706eed1,aecedad2-1741-46f0-9e3e-2e60ec662400
a9b04f00-cc26-4df5-bda1-8fe8c5a90778,6ca3cd1c-8946-4112-b59b-50b4bf832981
8d682246-5a5d-4034-b83a-133408c539b4,67da3bcb-d0ed-408e-9100-221cfe9c0e77
fa28ae6c-3829-47cc-b035-780dec75e912,64f61150-b2b4-4497-8f01-7ea2541e5c4c
f412126c-3ca5-43c6-bb68-6929674875af,6af405e8-05dd-4ce2-8261-ee3212946ec0
680e10b6-85b3-416b-981f-e30e51458bd5,ae809e51-f45c-41ad-b323-ab9c3109aee4
680e10b6-85b3-416b-981f-e30e51458bd5,b975c85c-76f6-4330-a235-f4c474c858b2
14525767-dbbe-4c16-8c2d-29194a6bcdde,c89205cd-4b17-42cf-8737-f399bc476a8f
e4b4463b-470f-45b8-b0ba-d6bed417ec15,74a5db2b-9384-4892-ac4f-5d99047e2c49
e4b4463b-470f-45b8-b0ba-d6bed417ec15,c7c825af-15ea-4a71-9028-f69512946d6a
e4b4463b-470f-45b8-b0ba-d6bed417ec15,4fc441dd-fb38-415f-bc79-24a1975fa0fd
20af404c-170d-4c05-b5c9-cda64e8ce608,7986c74d-15a1-4a44-8cc8-fd025c921b0d
20af404c-170d-4c05-b5c9-cda64e8ce608,20f56c9e-5399-4e18-8885-e6787f4c9a10
a3b18a3b-f8b8-4bdd-acce-bbba1d3dbbca,fa8e9e2d-2f96-4f66-a590-962ef8d97db5
a3b18a3b-f8b8-4bdd-acce-bbba1d3dbbca,fc03846d-dd29-4a16-b6d8-a06ce4dcc6e4
a3b18a3b-f8b8-4bdd-acce-bbba1d3dbbca,b97a3645-319a-4341-9373-fe1982c3b4c8
a54a9d48-00ca-4897-ad00-1a17007eb2bc,35713d91-adbe-4c35-a02f-b67917d8b0c5
a54a9d48-00ca-4897-ad00-1a17007eb2bc,58587e98-bdf2-41a1-9b59-ed5484131119
a54a9d48-00ca-4897-ad00-1a17007eb2bc,ece50c94-b70d-48f2-9801-5040e1c308b8
84c03fb2-bf3f-47ec-be7d-cb654f1af0f9,a548c192-d1f7-4fe4-8b64-912cba143de4
e1d23024-4b9b-4b00-8031-922ab215bced,21db0fbe-0310-4e29-ae63-893a1a2b57c0
3271e586-ffb9-444b-8d8f-affee5c627c3,c6d919d7-5059-4daf-896c-64c1ba18b7cc
5300e9e7-de9b-4267-8718-1647a243b4cd,39b31ce7-88c9-4dd4-9c02-d2d9e3c57a39
c3c4f3b6-2aec-4be1-90c8-ede548dea74b,89df0aef-c246-4158-ae47-109d0388d306
c3c4f3b6-2aec-4be1-90c8-ede548dea74b,af249d2d-cd0d-43fb-bc5e-fc1e6b8fad7f
3d6c2309-a34b-4b3b-890b-93134634f938,5bf6c8f0-06e5-44ed-bf23-6084c445bfe7
3d6c2309-a34b-4b3b-890b-93134634f938,ddb5a6d1-4d3b-470d-a44f-2be4d07ba5bb
92fc50ee-4332-4e4e-b9be-ab7488d38084,5ba31c33-ff4c-4dbb-8775-ff5c19338073
503e5836-18cc-448b-8403-553935f97165,baad8bf9-9ca9-4499-8797-ec7819d08095
503e5836-18cc-448b-8403-553935f97165,84f1c11f-13c1-4e1f-ae8f-0c9eddbb8606
503e5836-18cc-448b-8403-553935f97165,8d578051-d890-4278-b104-7f69557f5486
bfec50ed-4eb6-4cc1-b708-82cd98338ff2,fad1d4b9-b22d-4668-bbb0-c6a9636ab82e
bfec50ed-4eb6-4cc1-b708-82cd98338ff2,af249d2d-cd0d-43fb-bc5e-fc1e6b8fad7f
bfec50ed-4eb6-4cc1-b708-82cd98338ff2,2b30b5a9-478a-4f51-9028-7d9d3aedf3dd
1927379a-1d8d-415c-90d1-a7d20b3aec97,0081b5b4-5f04-4f32-89ac-474fa56e762d
1927379a-1d8d-415c-90d1-a7d20b3aec97,2ec254ae-8b9f-41f6-9b7c-f64b00431ab2
1927379a-1d8d-415c-90d1-a7d20b3aec97,115d8206-8746-4491-b021-a7c96311c415
81c0b086-e808-4d04-87db-444dbc8de6ff,e6d37c1f-3910-45e3-a260-475c983503fb
81c0b086-e808-4d04-87db-444dbc8de6ff,64f61150-b2b4-4497-8f01-7ea2541e5c4c
5ed11557-dede-4f29-bcb3-289025b75309,ddb5a6d1-4d3b-470d-a44f-2be4d07ba5bb
71a8928f-575e-4118-8f5f-ae888d4715d6,3206ee54-b5e7-4f01-a588-1ba7c0d2ae93
71a8928f-575e-4118-8f5f-ae888d4715d6,c0d2aab1-0b38-4b81-9b2e-1f5ac105cc97
71a8928f-575e-4118-8f5f-ae888d4715d6,cf1b68de-4800-4ace-b03e-8aafc0f0a3e2
7d8bc8da-93b1-4abe-815d-5637910142c3,749953fa-9666-4d87-a6fc-02882656e301
8aef2531-e1b1-423c-b05e-355d423cb372,6fbb896e-48df-440a-8f9e-ae56d067c2e5
8aef2531-e1b1-423c-b05e-355d423cb372,bbf21238-4be9-4fb1-b467-c7fa23d0370c
8aef2531-e1b1-423c-b05e-355d423cb372,d141b68a-c4df-456b-a204-1abf6ab86e29
814b964d-ed1d-4902-8c58-d41671e38ca5,a1b42b1a-30cf-415b-a785-8ad397537bf1
814b964d-ed1d-4902-8c58-d41671e38ca5,31ae44df-285e-4516-a122-64b6bc5d4ae0
94917dd5-6e3a-43ab-9c93-04947eeeb612,3424159c-59b2-4f0e-9075-2f3f81b67ab4
94917dd5-6e3a-43ab-9c93-04947eeeb612,dcc49e02-877f-43fd-a7b6-d20c32d434c9
8e874e4b-8766-470e-8dcf-bc243407a694,4e18791b-4d1c-40c1-af0f-22d7bb2a0043
8e0abcb6-df3d-40b3-a316-fdb1073cc743,758ad0fe-1b54-45c1-8b82-356faad09848
8e0abcb6-df3d-40b3-a316-fdb1073cc743,dc5d3497-02f4-4147-a0e7-1b5ac1a85cb1
8e0abcb6-df3d-40b3-a316-fdb1073cc743,5fd58494-d87a-4914-9fcb-b71ed5610e5a
1df66aa9-9e6a-41e8-96a6-e6bed0f07fe0,21fbaa07-39ec-4852-be9a-d8ec4d6a1a93
2395270b-09fc-4af6-a2f2-63d21ef3a313,4fc441dd-fb38-415f-bc79-24a1975fa0fd
2395270b-09fc-4af6-a2f2-63d21ef3a313,40a5d735-cda1-45fd-b843-0260b0d27133
2395270b-09fc-4af6-a2f2-63d21ef3a313,bf4abdf5-2fe2-4fe7-a054-fbe64c5d0584
8c03c98e-d176-4f4f-8411-acd3a8b4e494,66f5567d-ea93-45cb-b897-cf859f8bed25
8c03c98e-d176-4f4f-8411-acd3a8b4e494,2aca9bf1-0b35-4027-8848-de5609ca0b9e
8c03c98e-d176-4f4f-8411-acd3a8b4e494,366103a4-33d0-4fb8-9f6b-f8f12c6cf21a
66cf2da6-142b-43b5-bba0-f297aaeed552,dff1a332-e7e8-4bee-b40b-ab38a55374a2
66cf2da6-142b-43b5-bba0-f297aaeed552,1d11e7cb-840f-4831-86bd-26d6b09e0987
66cf2da6-142b-43b5-bba0-f297aaeed552,7924c1c7-a069-4389-8c3f-db4fd23e2054
666558f5-43c9-4d6c-9c73-4c544afab43f,623011d3-7955-432c-b2e3-3f32254dc795
666558f5-43c9-4d6c-9c73-4c544afab43f,ece50c94-b70d-48f2-9801-5040e1c308b8
666558f5-43c9-4d6c-9c73-4c544afab43f,2997dcf2-e36c-44bf-aac1-ec26466c6bf7
53074ac1-38db-4aa2-8312-c26261795c16,0097bb29-c219-422b-824c-36b8f0eb44cf
a735fc4e-4435-4500-bba7-1be16d906d4a,d09b3183-2aaf-437b-bdfa-3cbf843928ed
a373cdf3-81ef-4bfc-8194-6ab9eecdecd4,2adbe392-d7d4-48d7-97e6-2b9b9665f7cb
6ce39fc2-bd25-4212-b142-84c28e59576e,aad3c42a-0fb4-45fc-839a-f0be5faedbc4
638857c6-75aa-451b-8390-c9b932909596,975d633f-fbd1-4f60-95ea-878cdbcf5798
58921c8e-983c-4b23-89b5-13cceda4f011,d131d8fe-8322-431c-a668-1a2de87cbaef
c31de6d6-6bfa-4d98-88e2-07fb0a879b87,962bf19e-cc5f-4824-9c16-033b427c99b2
4913b27f-69e9-4504-97f1-751f79bf2ff5,a1f7adf2-3b69-4d43-aba9-c3eeaa23bd4e
4913b27f-69e9-4504-97f1-751f79bf2ff5,24ba1ca2-0791-4bf4-840a-2e2858562ef6
4913b27f-69e9-4504-97f1-751f79bf2ff5,18b58ead-df26-4cb4-9ec6-9321994674d9
ae8a30db-fe64-41c4-b672-309522f94de0,758ad0fe-1b54-45c1-8b82-356faad09848
ae8a30db-fe64-41c4-b672-309522f94de0,602a93c3-09de-4ea3-a989-1922d649d85a
55adaf1f-59b0-4678-8019-e361fb9e44cd,6f346cf8-1298-4ceb-95d7-c58622f62c60
55adaf1f-59b0-4678-8019-e361fb9e44cd,09dc3e3e-af1b-4751-9f80-2d255e9e401a
f040a04d-e857-43f4-9afb-fc7dc07209ed,d7d76a5f-446a-4d12-bd85-ba4efd3102ab
f040a04d-e857-43f4-9afb-fc7dc07209ed,26871cfd-8787-4bee-b854-aefd97afd6aa
744beb88-d0eb-487c-ac64-5b9a6e1d527e,5951b3b5-9897-435f-b428-89e840164f2b
744beb88-d0eb-487c-ac64-5b9a6e1d527e,9c643fbd-bdd6-425f-a9dc-2c743bb4309d
3a77193d-eb5d-48f7-9cce-030feb277734,b8d99763-d4e5-429c-a19b-390b747e67ae
3a77193d-eb5d-48f7-9cce-030feb277734,51095514-a7bb-4351-9c87-e4bc71a145a1
e8494d60-fb7d-47f4-9a21-4728a01f6bab,5b3a9ac2-713a-4ca9-a8e7-57083ff16f8c
671d5bf0-9297-4856-8347-5cc42b7eeefe,0e95c049-2f05-4466-ba1f-f1f967e7a006
ff3ea0e6-4887-454a-871f-0e6c32c286f4,8520c30b-c872-4a85-8e3c-ed2f4d6c9a6d
ff3ea0e6-4887-454a-871f-0e6c32c286f4,bf8fbfc7-aa1f-43d2-a5ee-a435feb3e3b9
498c30ac-b150-44a7-a6f7-58e553e2276d,dc73e007-59af-41e8-bcb3-35ddedb9edd8
d43f030b-d0b7-48ed-be64-08b0194d5d1d,d92e3495-fb60-4018-a4c3-ad8e52cba7f3
d43f030b-d0b7-48ed-be64-08b0194d5d1d,f749e074-a13a-4be9-9365-20d55dccd6c3
d43f030b-d0b7-48ed-be64-08b0194d5d1d,ddeac962-9488-4f8c-aae7-bf4a415b4752
8e3e91a4-9471-464a-8d8e-dd941d36f121,20fc52cc-7267-4374-85d3-2d1c2d4c1b57
8e3e91a4-9471-464a-8d8e-dd941d36f121,eb45568c-963f-46e0-ae50-25343cd93b73
d02b8580-0fc2-4920-a860-30db30352088,f8d10f12-c619-4f65-aa15-78cb984c2d36
d02b8580-0fc2-4920-a860-30db30352088,01a61813-8e0a-4143-b4ec-8cfe79e5a50d
a6a90938-18be-451f-8910-24f5bcc68e07,291c346a-32f6-4b05-99d8-b25592d6cabc
7b241251-134d-4d48-9a38-41a8fb5a5059,dcc49e02-877f-43fd-a7b6-d20c32d434c9
7b241251-134d-4d48-9a38-41a8fb5a5059,97ad9d88-56c1-4a09-ad8f-314d93de34e7
b18f93e7-32be-4ceb-825b-a3ea41117fd1,e12d9ce5-8951-4543-9a4a-b73976b7037d
960e5a32-7dbe-440c-870a-0e772f7a0e09,fe1621d8-ecd8-4755-b08a-86d644b47c1e
960e5a32-7dbe-440c-870a-0e772f7a0e09,80828a4c-fcc2-4371-a874-875b1d3a687d
8a96ef23-0b66-44c6-b062-4685eccbed3d,ece50c94-b70d-48f2-9801-5040e1c308b8
8a96ef23-0b66-44c6-b062-4685eccbed3d,87f28f78-4623-4ef8-9ab4-a3e7ff233986
0df11d85-08fb-487d-8d3d-9ec5979bc674,fad1d4b9-b22d-4668-bbb0-c6a9636ab82e
0df11d85-08fb-487d-8d3d-9ec5979bc674,519c07fc-040e-4a5b-8256-ac87cae5e0b7
8f7689bc-9f76-4356-a5f7-e1d096d63e90,7894a0e8-f168-4219-a29e-b61099424b38
8f7689bc-9f76-4356-a5f7-e1d096d63e90,e2684df6-0588-41ca-be44-8ba41c2eedc9
8f7689bc-9f76-4356-a5f7-e1d096d63e90,2850446a-d5a7-4098-bc24-399ee7d77470
060e3458-65e0-49e3-a7a3-206b7d128fbd,e12340c8-8f9e-47f1-9b1f-1e009c23ca52
dbebb752-c7a7-4b17-b4b3-fbd62c61de7a,6b466857-c76c-43c7-8b02-e80f05023b16
dbebb752-c7a7-4b17-b4b3-fbd62c61de7a,35d600bf-58e1-4f31-919e-c7eaf4b1d667
3f09ac61-0337-4bbf-a534-afffc40766b5,289257cd-989c-4891-85c0-b18330725a92
3f09ac61-0337-4bbf-a534-afffc40766b5,c5a8cc6a-eabf-4bf0-a9a0-94718b7b6d5c
3f09ac61-0337-4bbf-a534-afffc40766b5,16179e4e-b02b-4e11-909a-4ba198be60a6
2f24c3cc-e174-4627-9c85-e764062d8b50,40a5d735-cda1-45fd-b843-0260b0d27133
4565f7f9-50eb-4e99-a927-098064abf239,67da3bcb-d0ed-408e-9100-221cfe9c0e77
eed77a24-5613-4041-804f-96158ec21dcd,f45dd6af-7f6f-4ad9-b9be-3438c6e4ac0e
09eb9717-a8d8-45fc-a1d3-661fbd98d032,7a0e54f8-c240-49ea-8dee-5cf70b3f6e52
09eb9717-a8d8-45fc-a1d3-661fbd98d032,da2d14eb-b2e1-4a47-bc7e-6e64d824f081
09eb9717-a8d8-45fc-a1d3-661fbd98d032,d520a2a1-8e8e-4355-a797-7ead7dd20a1f
b77033f4-34a4-4754-a5b5-b4c567f97e56,6035ca65-1e25-4e03-8203-7c3bae83a09d
ad1acedc-36a6-446c-a49d-bb8ab4824a99,cc8390c0-5b9c-4916-afa5-4af2be426e50
ad1acedc-36a6-446c-a49d-bb8ab4824a99,35d600bf-58e1-4f31-919e-c7eaf4b1d667
ad1acedc-36a6-446c-a49d-bb8ab4824a99,b2f4241f-9c12-4583-843d-ab18cb68cd74
b126f5e1-6dac-47de-9a17-4e33b2ac2ec9,e2684df6-0588-41ca-be44-8ba41c2eedc9
b126f5e1-6dac-47de-9a17-4e33b2ac2ec9,e6d37c1f-3910-45e3-a260-475c983503fb
b126f5e1-6dac-47de-9a17-4e33b2ac2ec9,320cbdb4-8017-4d6c-90fc-b919a6f755de
b029fb1b-831f-42ea-a32d-4cf1781c07f1,0fc55873-ad5f-48a0-a0bc-f7d9b3b50127
b029fb1b-831f-42ea-a32d-4cf1781c07f1,6d548436-99b3-4e95-b6ea-2b785b37b55d
9abc9293-8908-4119-8274-c0c2384ee31b,48f279df-8351-4e0c-a392-07326f55733d
9abc9293-8908-4119-8274-c0c2384ee31b,df807c07-3202-46ad-aa00-3e5edb0ed40f
9abc9293-8908-4119-8274-c0c2384ee31b,f749e074-a13a-4be9-9365-20d55dccd6c3
c24807e8-eac3-4345-a12a-f1d77e59ea93,c144d93d-2879-499e-bf97-577ec31aceba
79997cb1-8881-44e1-82da-4ecfd003c0ee,d92e3495-fb60-4018-a4c3-ad8e52cba7f3
c1bf2ab4-1c9b-4661-9c18-e421792641d3,6f74c17e-8b21-4a4f-8ded-22f779cdab4f
c1bf2ab4-1c9b-4661-9c18-e421792641d3,e12d9ce5-8951-4543-9a4a-b73976b7037d
c1bf2ab4-1c9b-4661-9c18-e421792641d3,b8a9c7a2-e8d0-41fb-89e4-d24842a8e86d
b5917221-5135-4df5-af82-84dbb093a37f,7008da68-63f0-4867-9e78-3635a87a5b59
b5917221-5135-4df5-af82-84dbb093a37f,a2e1af25-d925-4a1c-bea3-24732e2d850d
3ebdd35a-675e-4755-bc9e-bb7369d42ffa,24ba1ca2-0791-4bf4-840a-2e2858562ef6
3ebdd35a-675e-4755-bc9e-bb7369d42ffa,af6ebb23-0ce2-47aa-ac27-0cbab851bfa1
18218204-d038-46fe-a519-0c4a59e3ee55,6fbb896e-48df-440a-8f9e-ae56d067c2e5
1d3c41ad-a418-46ad-b588-0eef54130c5e,dc73e007-59af-41e8-bcb3-35ddedb9edd8
812ca57d-8a47-4ad6-8b1e-b73a95b721a1,120a5287-89c5-47b4-894a-c1e7ac651b9d
812ca57d-8a47-4ad6-8b1e-b73a95b721a1,cf74c673-3f26-4c32-bc89-5cdfcd930ec7
aeae4e7d-4291-4cb1-8581-16523a79bd84,06e36bc3-9b80-440f-bc02-3eae77279c07
aeae4e7d-4291-4cb1-8581-16523a79bd84,f3a03844-bb97-49d9-bd42-0d0b331e2cf2
aeae4e7d-4291-4cb1-8581-16523a79bd84,962bf19e-cc5f-4824-9c16-033b427c99b2
ea6bf9af-1062-4e5c-a263-47ce787a9ceb,133b78c0-8a65-4a5b-88c8-097bd8a22c0c
ea6bf9af-1062-4e5c-a263-47ce787a9ceb,9cfd59ef-b90f-47cb-89f2-ae9011883776
bafe62d4-b40a-4891-bd92-8a1b173b864d,acd6ae81-d66c-44fb-aa8a-71594e7ac677
bafe62d4-b40a-4891-bd92-8a1b173b864d,dcc49e02-877f-43fd-a7b6-d20c32d434c9
1ff5ee16-cd84-4f86-9273-04ba74d02f2d,5fd58494-d87a-4914-9fcb-b71ed5610e5a
84c71738-37fe-48b1-a1de-a5167014a8f9,5b3a9ac2-713a-4ca9-a8e7-57083ff16f8c
63efa3ea-a384-4e27-94fa-1adde220c8f4,2d62af59-8895-4e55-b240-bf6a5d20e13c
63efa3ea-a384-4e27-94fa-1adde220c8f4,705beea8-9ea9-488b-99ec-0c39f1f47614
02f53a3a-9906-4135-8270-0424cfb24dc4,a6b9a213-873d-4b36-8916-b6f5bf136974
02f53a3a-9906-4135-8270-0424cfb24dc4,be68e866-743d-4b85-a745-f157073e2bcf
8a325d6b-a7b2-415e-9da0-3e2f4aacbfcd,25bdf2a8-ac95-4b41-9c90-c5a8b592fa31
62b62b81-bd3e-4e08-b6f4-4b6431cbc66e,a16726d9-9b83-4090-b4ac-403df69bff61
62b62b81-bd3e-4e08-b6f4-4b6431cbc66e,e0f2c921-4c27-4f15-8327-619ef49df22b
62b62b81-bd3e-4e08-b6f4-4b6431cbc66e,e9461cf1-aa6e-4b71-801d-0389c8f630be
312ebfa5-2fcc-48ac-938e-6a798197ef59,49abc8ee-115c-4016-ba8e-8b1ec276e26a
312ebfa5-2fcc-48ac-938e-6a798197ef59,a548c192-d1f7-4fe4-8b64-912cba143de4
cf62361c-5c30-4367-8fef-ccf482a5f114,975d633f-fbd1-4f60-95ea-878cdbcf5798
c17e79ea-11dd-4345-8858-a09e740feac3,9371f007-c28a-4cb5-bf09-b9c026cb99cc
0977d2d6-5add-4314-af22-482e19eebbb8,dcf6be3d-7278-4184-a466-dc2a39ddbd5f
0977d2d6-5add-4314-af22-482e19eebbb8,bc0dd00b-1ca6-469d-81c7-df51ad3cad53
fcc53821-f8a8-434f-9c4c-4f2bd4b07a3b,aa4dee7c-bf0f-4202-a200-a0b329e71578
fcc53821-f8a8-434f-9c4c-4f2bd4b07a3b,f3a03844-bb97-49d9-bd42-0d0b331e2cf2
fcc53821-f8a8-434f-9c4c-4f2bd4b07a3b,2997dcf2-e36c-44bf-aac1-ec26466c6bf7
b1d31f49-1c14-4716-98a0-601440e18dcf,291c346a-32f6-4b05-99d8-b25592d6cabc
3a80e761-1cd5-48f2-80b3-35a0fb807640,2997dcf2-e36c-44bf-aac1-ec26466c6bf7
3c416755-025d-4115-b89f-1921a347f082,43d9d423-8bc8-4271-859f-2e22dad1e173
3c416755-025d-4115-b89f-1921a347f082,a5b889ee-7ceb-462f-9ef6-17ec986702db
a565c7df-956e-4e79-9aca-8ed354babff1,563c0775-6eb0-4ee5-8e1b-2bf736ddef36
a565c7df-956e-4e79-9aca-8ed354babff1,9371f007-c28a-4cb5-bf09-b9c026cb99cc
2ab70e52-ad9b-4be9-a417-edb4e604d655,f76c99e6-b1ff-4e89-b6e7-15d385c26738
2ab70e52-ad9b-4be9-a417-edb4e604d655,6f682b67-c7e1-4e0a-b3ac-74bb278bfaae
2ab70e52-ad9b-4be9-a417-edb4e604d655,e346a171-5d4f-4a67-9f64-8c5de8d2fb8d
4fc9300e-08af-44c8-a3d8-bcd3ee8354bf,c942773f-5cee-409f-93e6-7d466a62479f
34bbb520-0ade-4bcd-95ae-7d66fe92cb7d,0116547d-098a-49f9-94e6-e5a4a64dc56e
34bbb520-0ade-4bcd-95ae-7d66fe92cb7d,5e57a6e8-445e-49d9-99e5-1dbf8f09f04d
89fd6ad6-03ae-42a5-a308-ec9c01221c09,7924c1c7-a069-4389-8c3f-db4fd23e2054
89fd6ad6-03ae-42a5-a308-ec9c01221c09,73fc8516-8bb5-4815-8b9c-9faa9ea225a3
68124ded-0c21-4439-9fac-b4f502f0482e,50e4b5dd-550e-4568-9ffc-ce5bfa7f97e3
a6d97594-7843-4af0-9b53-dbf815e6fac1,70d3c3ce-7cc5-4ff2-9470-62c996f43d81
a6d97594-7843-4af0-9b53-dbf815e6fac1,f5526847-6186-4c45-9ac7-9ca817201654
a6d97594-7843-4af0-9b53-dbf815e6fac1,e2684df6-0588-41ca-be44-8ba41c2eedc9
05dc2a56-184c-47b9-9f3a-d270ca3bd709,dc73e007-59af-41e8-bcb3-35ddedb9edd8
05dc2a56-184c-47b9-9f3a-d270ca3bd709,56bd1ae9-1312-426e-b0bf-8a485e8dc57b
7e9471b5-becb-41aa-b3a7-3c1f9ef46f32,895647f2-30e4-4753-983b-49d6e796d47b
79faa9b9-0df2-4676-a267-bc99232de5e7,8520c30b-c872-4a85-8e3c-ed2f4d6c9a6d
79faa9b9-0df2-4676-a267-bc99232de5e7,678e12bb-3e84-427a-a50d-7415f5267141
79faa9b9-0df2-4676-a267-bc99232de5e7,61c9bf9e-431a-411c-ad3f-0ff7aff15516
df299b62-825b-44d7-ba47-1ded8f54af95,14ae10a3-5e34-4c6a-baf2-a60db060fc74
df299b62-825b-44d7-ba47-1ded8f54af95,c608062b-e0f9-40ef-b349-76926a9c2b2d
df299b62-825b-44d7-ba47-1ded8f54af95,b67c085d-99db-4abe-93ef-b6a49d4d87ba
41dd4e92-f84e-4732-8c96-14a2b5291139,b54a7297-5b81-4cea-98d1-0bcb0817911f
41dd4e92-f84e-4732-8c96-14a2b5291139,c108a2e0-ec1a-4d05-8f8e-61afc6953ab0
630d1d00-abf3-4cb8-983a-32dafdc5e3a3,3e488e20-c6e6-49a9-84e2-aa841a1716e2
630d1d00-abf3-4cb8-983a-32dafdc5e3a3,72eaf652-791a-4a3b-818f-12e3cdc80658
630d1d00-abf3-4cb8-983a-32dafdc5e3a3,cecd0a13-79d0-4fd4-bf11-ab83063a77f2
357f8b5e-18e7-4e2c-b050-130ad3be6bba,19c0e46c-1ceb-4906-8961-5f323cfd6476
357f8b5e-18e7-4e2c-b050-130ad3be6bba,30d6e82c-876a-43a4-a709-0908a98c4f98
7e76040a-ec35-4b0b-85ca-db81aab3dbc1,475f14d2-1ecb-4f8f-abb4-6991582bf153
7e76040a-ec35-4b0b-85ca-db81aab3dbc1,7a0e54f8-c240-49ea-8dee-5cf70b3f6e52
7e76040a-ec35-4b0b-85ca-db81aab3dbc1,33829269-8132-4920-b864-03cb173708e8
c778c31e-1749-4e79-a07b-738a6058095a,42fd8721-0c15-414c-a807-a11d6576e3a4
54157ed1-3dce-47ea-9283-c86f5af3e0e4,b997c52c-67d3-4cca-9c35-b0909f6e9fcb
54157ed1-3dce-47ea-9283-c86f5af3e0e4,4168699b-69be-4f78-b7c5-2cf343de8e90
3bc45fd1-cd2a-45f5-af8c-850d8dbc1083,74c4a9a3-0673-43ec-afa1-52b1320c2e2f
3bc45fd1-cd2a-45f5-af8c-850d8dbc1083,be426071-35e7-4f16-a445-34ea55901932
3bc45fd1-cd2a-45f5-af8c-850d8dbc1083,0345218d-ca69-4e27-a698-8844f36eec51
b57da9a7-5097-4746-bcc2-cc2799a8edeb,c108a2e0-ec1a-4d05-8f8e-61afc6953ab0
653dcbd4-fe3d-4733-a45f-9ca995fa7060,da2d14eb-b2e1-4a47-bc7e-6e64d824f081
653dcbd4-fe3d-4733-a45f-9ca995fa7060,f5526847-6186-4c45-9ac7-9ca817201654
653dcbd4-fe3d-4733-a45f-9ca995fa7060,b67c085d-99db-4abe-93ef-b6a49d4d87ba
f48dd359-94d5-4910-bde4-84638afeeaef,5abeffc8-84cf-4086-9710-a90cd6623f60
1d643788-8412-4d66-a23c-ecc7c2de61f8,5dd3e32e-181c-4f49-96fa-580cb79ea4a5
1d643788-8412-4d66-a23c-ecc7c2de61f8,19c0e46c-1ceb-4906-8961-5f323cfd6476
11da2b9b-5d19-470e-b1b6-4d2d1c9a57bb,af249d2d-cd0d-43fb-bc5e-fc1e6b8fad7f
396cfb0b-2d4a-4b71-9dd7-94d47c1e2c79,aad3c42a-0fb4-45fc-839a-f0be5faedbc4
7810ddd6-f860-4027-9016-e05e1b565b74,b975c85c-76f6-4330-a235-f4c474c858b2
7810ddd6-f860-4027-9016-e05e1b565b74,f7007e15-9128-40a8-a6ff-a06297b85e23
7c9305c8-1558-47d2-a8c3-fda5d4ee9314,d9b14abd-7306-44a8-a4fc-d4021ceff910
7c9305c8-1558-47d2-a8c3-fda5d4ee9314,e6dc2d23-8c91-4b71-acde-83c3d33923a8
7c9305c8-1558-47d2-a8c3-fda5d4ee9314,b2f4241f-9c12-4583-843d-ab18cb68cd74
ce6a1a84-87d5-48fc-9dc7-6ed58545db44,fdbe1ae4-1055-4b21-94be-4156a807ceb9
74400289-acc6-4c65-b69e-edcda4cf71f1,c7c825af-15ea-4a71-9028-f69512946d6a
74400289-acc6-4c65-b69e-edcda4cf71f1,7924c1c7-a069-4389-8c3f-db4fd23e2054
750b0aee-98a8-4b68-ae0e-37cde117cf31,abf1810d-b32b-4703-ae35-bd937090b733
750b0aee-98a8-4b68-ae0e-37cde117cf31,6e7a9463-6b0f-4380-9919-e0dc90e29c06
750b0aee-98a8-4b68-ae0e-37cde117cf31,6af405e8-05dd-4ce2-8261-ee3212946ec0
138ad7f7-9feb-4def-85b7-f648e76d11c3,17dc1f0d-bf9b-4ce4-a468-038fdfdf8724
138ad7f7-9feb-4def-85b7-f648e76d11c3,21fbaa07-39ec-4852-be9a-d8ec4d6a1a93
4c9098bf-8c99-4ff5-a99c-8552e1f73553,8bf27e12-68c6-4844-85a2-2aca374b55ab
4c9098bf-8c99-4ff5-a99c-8552e1f73553,ddb5a6d1-4d3b-470d-a44f-2be4d07ba5bb
4c9098bf-8c99-4ff5-a99c-8552e1f73553,904f8262-b0ec-4798-ba29-c7693da76ad0
69ece6fe-1fff-4cf0-8b2e-cf3aee6a0e5b,125700c0-e466-48a4-bcaa-30d5c5052fd2
69ece6fe-1fff-4cf0-8b2e-cf3aee6a0e5b,df4d1fb3-7349-4f77-b821-3421cfd74fdf
a95be519-b39d-467e-b1f8-e49bcb3ad69b,475f14d2-1ecb-4f8f-abb4-6991582bf153
5f70de27-9dc5-47eb-9d8f-40778c51390f,17a1f928-a984-4e84-8c6c-69b5a820cb8a
5f70de27-9dc5-47eb-9d8f-40778c51390f,a1f7adf2-3b69-4d43-aba9-c3eeaa23bd4e
5f70de27-9dc5-47eb-9d8f-40778c51390f,5ba31c33-ff4c-4dbb-8775-ff5c19338073
78e19762-ee9f-475b-a40c-0faaccfbd654,407c2803-972b-491a-aa8b-1526b1f929b4
3aaf28b4-e7bd-48c1-8a94-19cc227cdc09,571fc1bc-51c1-4692-a2c9-0f14f570e31d
3aaf28b4-e7bd-48c1-8a94-19cc227cdc09,911e9d9d-95db-48aa-bfab-34889fa9c9ac
3aaf28b4-e7bd-48c1-8a94-19cc227cdc09,b2f4241f-9c12-4583-843d-ab18cb68cd74
b6978e34-aded-469a-b785-38fdb9d11051,b44e05e4-4826-4880-9329-09785f016413
abeaa74e-6815-4ec2-9256-270c268869e4,282fbd56-65e1-43d9-8c6e-43ea6ffe89ba
abeaa74e-6815-4ec2-9256-270c268869e4,5bf6c8f0-06e5-44ed-bf23-6084c445bfe7
3818c88c-1685-4077-9c09-a8878bfeed59,5abeffc8-84cf-4086-9710-a90cd6623f60
3818c88c-1685-4077-9c09-a8878bfeed59,2ec254ae-8b9f-41f6-9b7c-f64b00431ab2
3818c88c-1685-4077-9c09-a8878bfeed59,51095514-a7bb-4351-9c87-e4bc71a145a1
9f139bde-78a8-466b-832f-80abfa9de39b,6ad2b2d5-e651-4c30-b6f5-80661df4613b
d8a2e28c-6458-4500-8430-77ca9a39b713,43815241-42d5-4d9f-a899-605bf39142b6
d8a2e28c-6458-4500-8430-77ca9a39b713,6b5a02f0-937d-44d7-b901-e203efb71107
b1fb9463-2139-43bd-9e46-5109e634bbfb,70d3c3ce-7cc5-4ff2-9470-62c996f43d81
b1fb9463-2139-43bd-9e46-5109e634bbfb,9371f007-c28a-4cb5-bf09-b9c026cb99cc
8ebcb0fd-e628-4d53-b6ad-6bc696e794a0,eae7bca3-4f17-4278-b197-b7012fc6087f
562cbbdb-8853-4701-b359-b8cbce7da68f,3424159c-59b2-4f0e-9075-2f3f81b67ab4
ac944df2-b209-45bd-a7d4-be79297b8a23,27ae76d6-4796-4109-b727-02f667a64568
ac944df2-b209-45bd-a7d4-be79297b8a23,f749e074-a13a-4be9-9365-20d55dccd6c3
ac944df2-b209-45bd-a7d4-be79297b8a23,475f14d2-1ecb-4f8f-abb4-6991582bf153
1f73c802-3135-4505-8067-dd49df708ff3,31ae44df-285e-4516-a122-64b6bc5d4ae0
1f73c802-3135-4505-8067-dd49df708ff3,545af5ed-50a7-4d78-9b80-fa3263d4873a
1f73c802-3135-4505-8067-dd49df708ff3,4516e5fd-5822-4a3a-8747-2d5618cedcd4
8dc67df8-9ec5-4607-b8dc-44a28257d023,a0d4e854-012a-488e-98a7-fd1092631a5e
8dc67df8-9ec5-4607-b8dc-44a28257d023,475f14d2-1ecb-4f8f-abb4-6991582bf153
8dc67df8-9ec5-4607-b8dc-44a28257d023,758ad0fe-1b54-45c1-8b82-356faad09848
b16e8888-6723-4f1f-8edd-62ba973a851b,e0f2c921-4c27-4f15-8327-619ef49df22b
b16e8888-6723-4f1f-8edd-62ba973a851b,2997dcf2-e36c-44bf-aac1-ec26466c6bf7
db6f757a-97cb-4097-95a0-2fba37c3837c,6035ca65-1e25-4e03-8203-7c3bae83a09d
db6f757a-97cb-4097-95a0-2fba37c3837c,843c1f1d-99f3-4c2f-83ca-dcde93a260ed
4d8a6876-d372-4a65-ad61-41991fb80f0e,74a5db2b-9384-4892-ac4f-5d99047e2c49
da448545-3bc4-42b7-b461-e180f297b272,a97e2da5-ce23-4ead-b775-e5aee45e286f
da448545-3bc4-42b7-b461-e180f297b272,efd3a40a-e190-4f10-b4b0-a9d3a98bfb46
da448545-3bc4-42b7-b461-e180f297b272,926ad0da-cd24-49e8-a34e-7d6615e89982
8d75b1df-4af6-4923-9259-d422a507c722,5fd58494-d87a-4914-9fcb-b71ed5610e5a
8d75b1df-4af6-4923-9259-d422a507c722,ceabdbc0-53e5-4ce2-8255-f6cff7e4d433
b69e4726-591d-4383-90c9-d5b57797fa9d,a2f03886-4dc6-41e7-b0c1-f79eaa89e260
4b6cb6fe-3498-499a-9b57-f313d4649725,8bd32c54-7dd4-46bb-b02c-79ae8d51d789
4b6cb6fe-3498-499a-9b57-f313d4649725,17dc1f0d-bf9b-4ce4-a468-038fdfdf8724
aead2363-4afb-43db-a1ca-002fd9cd642d,758e8c53-dde9-4e0d-89e6-48cb0ec3fc54
aead2363-4afb-43db-a1ca-002fd9cd642d,49abc8ee-115c-4016-ba8e-8b1ec276e26a
aead2363-4afb-43db-a1ca-002fd9cd642d,cf74c673-3f26-4c32-bc89-5cdfcd930ec7
6b066716-19d3-410d-8201-ee0ef544868e,623011d3-7955-432c-b2e3-3f32254dc795
6b066716-19d3-410d-8201-ee0ef544868e,5becdb32-dcc6-4f0a-9ff0-5ba9dbcf540c
6b066716-19d3-410d-8201-ee0ef544868e,0eab5181-e8ec-4821-9e22-49ef333b6e51
42e155b7-d4a2-4da6-bf13-673b2deda303,21f7a84b-1f04-456f-99a9-a7449c47b91e
42e155b7-d4a2-4da6-bf13-673b2deda303,dcf6be3d-7278-4184-a466-dc2a39ddbd5f
42e155b7-d4a2-4da6-bf13-673b2deda303,9dac0684-5adb-4792-9c9f-38bb74ab069f
8dc3a35f-3735-423a-8b1f-e01a6f756ffa,6e020198-d3a2-45df-8119-a45094186899
8dc3a35f-3735-423a-8b1f-e01a6f756ffa,2d62af59-8895-4e55-b240-bf6a5d20e13c
587a77bc-fe01-4fca-95eb-e9ac02365659,a581bed9-060a-4682-9c03-439f772ac81a
587a77bc-fe01-4fca-95eb-e9ac02365659,407c2803-972b-491a-aa8b-1526b1f929b4
93ad52f4-adb9-4a19-b959-b519438e97b4,8b829b0f-32f3-4053-b9bc-a0525ccd90eb
5e4dc95c-a2a4-463e-9f36-f15224794c17,58348273-ed2d-435e-993f-00c1af42a448
5e4dc95c-a2a4-463e-9f36-f15224794c17,be426071-35e7-4f16-a445-34ea55901932
1a3aff60-df1b-4212-821d-2a1a9c3a57b2,b00b245e-df05-4036-a0cd-5933908f431f
e6a7d01a-315c-4e56-9c8f-1b50a03c674c,2997dcf2-e36c-44bf-aac1-ec26466c6bf7
e6a7d01a-315c-4e56-9c8f-1b50a03c674c,a19dd85b-0fd0-45a4-9a8b-351c857a9052
bae38fd6-f02a-4f31-a46f-989de896cadb,b10c7330-ba79-46f7-9461-d2d844cc2ff5
5237c5b9-9df5-470e-bd2f-ef9b4d21ab3b,5b3a9ac2-713a-4ca9-a8e7-57083ff16f8c
5237c5b9-9df5-470e-bd2f-ef9b4d21ab3b,5dd3e32e-181c-4f49-96fa-580cb79ea4a5
73bf2d14-70ad-4427-9a99-7daf732cf3eb,3a61c33f-36c4-4ee7-bf8f-edb00c0e3e4d
faf44291-a502-480f-a4a3-f672482165e8,3b3314b6-cc34-45c8-a692-d5a17970bdb4
faf44291-a502-480f-a4a3-f672482165e8,aad3c42a-0fb4-45fc-839a-f0be5faedbc4
faf44291-a502-480f-a4a3-f672482165e8,33829269-8132-4920-b864-03cb173708e8
fd997fa8-b093-4fd7-8be6-980f55096072,861088a9-d67a-4abb-a1c1-3013aa50e4c6
50ef9aa1-e464-431c-9358-99a5cf88a4e7,ee7c6d8a-c45b-43a5-be32-796cbed1d5ce
50ef9aa1-e464-431c-9358-99a5cf88a4e7,12a96c78-54d7-4d78-a87f-0f380ffaee8c
25981fd0-3805-4dcf-b116-cbceb6a0d5f9,a99db5be-8bd3-425a-87c3-885ea3560de1
25981fd0-3805-4dcf-b116-cbceb6a0d5f9,eae7bca3-4f17-4278-b197-b7012fc6087f
19b1ed2c-7341-4be2-a0b4-23330f7d5cd7,ee7c6d8a-c45b-43a5-be32-796cbed1d5ce
19b1ed2c-7341-4be2-a0b4-23330f7d5cd7,bf8fbfc7-aa1f-43d2-a5ee-a435feb3e3b9
19b1ed2c-7341-4be2-a0b4-23330f7d5cd7,b48a60a7-2386-4845-bcfb-5c98f23e89ee
dc91d997-d73f-4fd5-b8f5-cdbbf059df45,8f9b714c-7317-4b2e-b9ef-a91e1048c1a1
dc91d997-d73f-4fd5-b8f5-cdbbf059df45,de8d1b24-737d-4c9c-8058-5d87830e4965
b623d9f7-4461-4ac2-b2a4-8f9378e61efb,cecd7859-1690-43e6-b113-060c8af70aa4
d2622bb5-f503-4c2d-8491-4cd3536e1654,a9fa63b2-8ec8-44f0-a803-0eaf855b3d00
d2622bb5-f503-4c2d-8491-4cd3536e1654,39b31ce7-88c9-4dd4-9c02-d2d9e3c57a39
d2622bb5-f503-4c2d-8491-4cd3536e1654,d2ed7633-2caf-4184-8e02-401b910276eb
679d5890-3be7-4d9a-814a-4a6f7d4b81bb,42ec63ca-a238-4327-8bf0-58397185fb8c
679d5890-3be7-4d9a-814a-4a6f7d4b81bb,17a1f928-a984-4e84-8c6c-69b5a820cb8a
e1382b30-d30a-4b51-bd98-b4600877bdd7,5c80af4e-090a-410e-ad18-ee47ac81e006
e1382b30-d30a-4b51-bd98-b4600877bdd7,a99db5be-8bd3-425a-87c3-885ea3560de1
15cef08a-03ee-4b50-a985-85c05198e74c,86d6b447-209b-4506-ab28-cd82590b5a6d
d78bed79-97e2-4ac7-ad43-ecc195a5de80,50fc4376-2036-4e87-929e-9c127e78e174
d78bed79-97e2-4ac7-ad43-ecc195a5de80,6b466857-c76c-43c7-8b02-e80f05023b16
2cd5e347-55e9-4531-910d-79478393bcdd,1092f16c-bf84-42eb-aaa3-6f6563fb180c
2cd5e347-55e9-4531-910d-79478393bcdd,35d600bf-58e1-4f31-919e-c7eaf4b1d667
6f8dc4dc-7faf-44d6-98a8-56d4c426a95a,d8db87bb-b17e-4471-8596-71b1c748783d
6f8dc4dc-7faf-44d6-98a8-56d4c426a95a,0116547d-098a-49f9-94e6-e5a4a64dc56e
6f8dc4dc-7faf-44d6-98a8-56d4c426a95a,d0b67cb2-27f3-4079-82f3-f9874359c3c4
eca897a4-5fab-458e-973c-a9a2dbb2fce9,cb08e9cd-2804-44e0-8e8d-ba9368a2aefb
eca897a4-5fab-458e-973c-a9a2dbb2fce9,749953fa-9666-4d87-a6fc-02882656e301
2f4e5f95-b2b2-4344-b22f-922ef2bfe588,d9b14abd-7306-44a8-a4fc-d4021ceff910
2f4e5f95-b2b2-4344-b22f-922ef2bfe588,3e488e20-c6e6-49a9-84e2-aa841a1716e2
e9751d56-51ff-47af-9791-0011bf4caddb,ad48a76f-4765-4ea0-8808-8bb62bb81868
e9751d56-51ff-47af-9791-0011bf4caddb,7a556f96-02c2-4db0-8d11-531f64794b7d
e9751d56-51ff-47af-9791-0011bf4caddb,c184ef20-e782-4122-b3ae-8b841ccd2239
e57f7102-99bd-468a-b502-2ceb7a1afc15,1c5c84e0-02c1-426e-b384-cebd396a1492
e57f7102-99bd-468a-b502-2ceb7a1afc15,a5b889ee-7ceb-462f-9ef6-17ec986702db
1ccc5d8c-14f8-4f05-99ff-6cb6759f215c,2997dcf2-e36c-44bf-aac1-ec26466c6bf7
1ccc5d8c-14f8-4f05-99ff-6cb6759f215c,f7f070ac-9607-4c77-9cec-f6679331bda7
1ccc5d8c-14f8-4f05-99ff-6cb6759f215c,84f1c11f-13c1-4e1f-ae8f-0c9eddbb8606
15ab7973-bf4a-49f5-beb6-96aa3f50c951,a1d0db7f-3a78-428b-aee7-0d1d296fe30d
15ab7973-bf4a-49f5-beb6-96aa3f50c951,7bf7a6c4-e6d9-4ff4-a782-c6f33e3ca554
15ab7973-bf4a-49f5-beb6-96aa3f50c951,758ad0fe-1b54-45c1-8b82-356faad09848
3a5bacd1-6c6f-4794-b789-6c94439d4d5a,682ea24b-2dbf-4c14-a6ab-2a6d300181bf
3a5bacd1-6c6f-4794-b789-6c94439d4d5a,f5526847-6186-4c45-9ac7-9ca817201654
4fceb300-427d-4c20-9437-5c222428b4c8,2b69967d-95f5-45db-a41f-f034ab56f47f
ab5ffeea-24a1-4cf7-b185-7094b44760ff,a4f4632a-38dd-4304-8aeb-0ca526d0f99e
e62a0ee6-edd9-478a-b7ac-6da435bdae05,a4f4632a-38dd-4304-8aeb-0ca526d0f99e
e62a0ee6-edd9-478a-b7ac-6da435bdae05,87f28f78-4623-4ef8-9ab4-a3e7ff233986
e62a0ee6-edd9-478a-b7ac-6da435bdae05,a4c020b1-b512-468a-b0cc-100f8905af71
6f3ea93f-4141-4fe6-872e-9c0dd20dc268,06e36bc3-9b80-440f-bc02-3eae77279c07
6f3ea93f-4141-4fe6-872e-9c0dd20dc268,d9e3d8aa-34e7-44dd-9789-e98a32de8891
6f3ea93f-4141-4fe6-872e-9c0dd20dc268,afe031bb-2c16-4836-aa26-6ab3e4f06c21
36409db1-8a6c-4174-a431-8aed473f6c11,12bca166-bde1-4629-aa5a-d8e915fda17c
36409db1-8a6c-4174-a431-8aed473f6c11,30d6e82c-876a-43a4-a709-0908a98c4f98
36409db1-8a6c-4174-a431-8aed473f6c11,be426071-35e7-4f16-a445-34ea55901932
14d0dbad-2f37-4319-adca-8611bab0e1c1,12db76b0-8bd0-41eb-a9de-6d1bfc9381f8
14d0dbad-2f37-4319-adca-8611bab0e1c1,baad8bf9-9ca9-4499-8797-ec7819d08095
14d0dbad-2f37-4319-adca-8611bab0e1c1,9cfd59ef-b90f-47cb-89f2-ae9011883776
fe7bc626-ad9b-4648-a303-70b30d2d9a90,e520357f-e7f4-4142-8272-b32dc8edfa29
5f6c5c73-39d6-4bb9-b073-30faacc6d093,1f444035-9c8b-4983-aad3-03fa3940b323
5f6c5c73-39d6-4bb9-b073-30faacc6d093,843c1f1d-99f3-4c2f-83ca-dcde93a260ed
aa6bc5db-faa4-489d-96de-8c84b3c70bee,c3049b61-83a4-411c-8b0b-b9bd02566a9f
aa6bc5db-faa4-489d-96de-8c84b3c70bee,cf74c673-3f26-4c32-bc89-5cdfcd930ec7
aa6bc5db-faa4-489d-96de-8c84b3c70bee,cc390864-e584-4b15-860e-ebef81d2dc75
18fbe1b4-8de7-48f0-907b-484ccf9729c9,4e935d48-0eaf-486b-b79c-121f8dc9a8a9
18fbe1b4-8de7-48f0-907b-484ccf9729c9,2593d791-b5a2-4e25-b1c2-01fd1d4a9d37
bd76bc6b-3a34-4c0f-99cc-62007438a7b9,adb10b9b-89f3-4f5d-a5c7-270b3997d654
bd76bc6b-3a34-4c0f-99cc-62007438a7b9,861088a9-d67a-4abb-a1c1-3013aa50e4c6
bd76bc6b-3a34-4c0f-99cc-62007438a7b9,e81a457e-ed1b-4cc2-a816-5d1e15e1b00a
0cbeccc1-7e69-47ea-9672-656ad1ccdba2,01a61813-8e0a-4143-b4ec-8cfe79e5a50d
2f2cade1-490d-49b6-b51b-f13da40971dc,1f444035-9c8b-4983-aad3-03fa3940b323
2f2cade1-490d-49b6-b51b-f13da40971dc,ddb5a6d1-4d3b-470d-a44f-2be4d07ba5bb
2f2cade1-490d-49b6-b51b-f13da40971dc,72b4f19f-0dc9-4e79-bfab-f6a29ff015db
f7ddbdd9-85c5-450d-bbeb-0160ff5339f8,4fbd898b-3d7e-4e48-b1ce-e52127f18414
f7ddbdd9-85c5-450d-bbeb-0160ff5339f8,ef064284-2db9-4271-9680-bf9d6c08161a
f7ddbdd9-85c5-450d-bbeb-0160ff5339f8,f3c8a668-20b2-4b9b-b327-56a6c5ccfbd3
ec55e63f-4355-42c3-9a15-57bafeaff97a,a4c020b1-b512-468a-b0cc-100f8905af71
f499d88b-1741-4297-bd97-8e90f3cafa8b,8ec3d93a-9bcc-4aa8-b97c-1db7fcecd130
f499d88b-1741-4297-bd97-8e90f3cafa8b,2b30b5a9-478a-4f51-9028-7d9d3aedf3dd
3ab9ac84-2f20-4b98-8069-3b588b2b3791,e2aef8c0-d1a6-478a-a67e-a625064a3c9a
50dba18d-c869-4b70-ace8-4fbb67ff4e3c,1f444035-9c8b-4983-aad3-03fa3940b323
f42938c3-07e7-4a66-93f1-3e5b8d0455e3,519c07fc-040e-4a5b-8256-ac87cae5e0b7
f42938c3-07e7-4a66-93f1-3e5b8d0455e3,6f74c17e-8b21-4a4f-8ded-22f779cdab4f
ab9ed86c-b90b-460e-aebd-031f8756344d,1f444035-9c8b-4983-aad3-03fa3940b323
ab9ed86c-b90b-460e-aebd-031f8756344d,4516e5fd-5822-4a3a-8747-2d5618cedcd4
0ea78b4b-27b0-4ffb-848d-b1382bd8221a,5e57a6e8-445e-49d9-99e5-1dbf8f09f04d
0ea78b4b-27b0-4ffb-848d-b1382bd8221a,a2e1af25-d925-4a1c-bea3-24732e2d850d
fae25e62-f2b3-460c-9b48-563523d8db21,d141b68a-c4df-456b-a204-1abf6ab86e29
1422285c-3597-492f-a9b7-a059a175efdb,01a61813-8e0a-4143-b4ec-8cfe79e5a50d
1422285c-3597-492f-a9b7-a059a175efdb,ab5de278-b3cc-4951-861f-3f781ff86c54
1422285c-3597-492f-a9b7-a059a175efdb,5c80af4e-090a-410e-ad18-ee47ac81e006
68d13997-7d53-48aa-96b9-52ee97b012e7,74c4a9a3-0673-43ec-afa1-52b1320c2e2f
68d13997-7d53-48aa-96b9-52ee97b012e7,c108a2e0-ec1a-4d05-8f8e-61afc6953ab0
68d13997-7d53-48aa-96b9-52ee97b012e7,ef048b02-953a-43a1-be0a-c4745bc7b9bc
35a73dd9-2421-436a-b9ad-2c576a0b83b8,d520a2a1-8e8e-4355-a797-7ead7dd20a1f
35a73dd9-2421-436a-b9ad-2c576a0b83b8,37a2a7ce-bc76-4754-aa27-0c0a2056444e
c2ae16f3-9592-4d14-837f-e6cbceb5f00e,ceabdbc0-53e5-4ce2-8255-f6cff7e4d433
c2ae16f3-9592-4d14-837f-e6cbceb5f00e,55597e3e-fd20-4b18-a374-3b4c5d795336
c2ae16f3-9592-4d14-837f-e6cbceb5f00e,d0154348-d3b2-4e40-8318-39cc7f0e7965
00c01c81-ac31-4932-991b-863bf1545b70,5abeffc8-84cf-4086-9710-a90cd6623f60
00c01c81-ac31-4932-991b-863bf1545b70,beb3d32b-d535-47fc-a928-60824aacc44d
00c01c81-ac31-4932-991b-863bf1545b70,dcf6be3d-7278-4184-a466-dc2a39ddbd5f
f7dfdda6-0fc9-4787-a24a-dfa0c0073b7c,42ec63ca-a238-4327-8bf0-58397185fb8c
f7dfdda6-0fc9-4787-a24a-dfa0c0073b7c,b44e05e4-4826-4880-9329-09785f016413
8a58e842-32d7-4680-b6fb-7ceff170a353,20f56c9e-5399-4e18-8885-e6787f4c9a10
8a58e842-32d7-4680-b6fb-7ceff170a353,43815241-42d5-4d9f-a899-605bf39142b6
8a7d8373-ca85-4d99-b8aa-d0eeaa00b981,ad48a76f-4765-4ea0-8808-8bb62bb81868
8a7d8373-ca85-4d99-b8aa-d0eeaa00b981,397cea6f-bb5c-4a33-8937-fd30bd96dc98
466ea59f-1e45-49cc-aad7-a1589ba4d6da,baad8bf9-9ca9-4499-8797-ec7819d08095
466ea59f-1e45-49cc-aad7-a1589ba4d6da,16179e4e-b02b-4e11-909a-4ba198be60a6
466ea59f-1e45-49cc-aad7-a1589ba4d6da,b2f4241f-9c12-4583-843d-ab18cb68cd74
83eda8d6-2661-4bc3-ada5-3119b3ab9921,8ec3d93a-9bcc-4aa8-b97c-1db7fcecd130
83eda8d6-2661-4bc3-ada5-3119b3ab9921,73fc8516-8bb5-4815-8b9c-9faa9ea225a3
83eda8d6-2661-4bc3-ada5-3119b3ab9921,9cfed9b8-4654-4ae4-81a6-8656d7460772
75a2c2e2-c479-4aad-8891-83f96f786a6b,20f56c9e-5399-4e18-8885-e6787f4c9a10
942d3c73-609f-4b9d-b0af-06788958aae3,9a3b4344-9368-4a37-ba94-f1038488e314
942d3c73-609f-4b9d-b0af-06788958aae3,beb3d32b-d535-47fc-a928-60824aacc44d
942d3c73-609f-4b9d-b0af-06788958aae3,14ae10a3-5e34-4c6a-baf2-a60db060fc74
c207fafd-c310-4d8d-bb2d-b82ff7c91bac,5c80af4e-090a-410e-ad18-ee47ac81e006
c207fafd-c310-4d8d-bb2d-b82ff7c91bac,d7c5b972-f1d0-4cf3-923e-5b667c49b39f
727ad7f9-08bf-4355-bca7-b9934d0838bf,35eda5cf-468f-4184-bc6c-65cb45b436cb
727ad7f9-08bf-4355-bca7-b9934d0838bf,1f9992cc-6785-46de-a293-d997bac95fd3
727ad7f9-08bf-4355-bca7-b9934d0838bf,b975c85c-76f6-4330-a235-f4c474c858b2
5d2bae6f-04c1-4904-a7de-75e743bee1b5,8bb05492-abca-45d1-bdb5-8efd67543e77
5d2bae6f-04c1-4904-a7de-75e743bee1b5,efd3a40a-e190-4f10-b4b0-a9d3a98bfb46
5d2bae6f-04c1-4904-a7de-75e743bee1b5,115d8206-8746-4491-b021-a7c96311c415
55c7a81a-9515-4f47-bc34-a62bbbf22375,3424159c-59b2-4f0e-9075-2f3f81b67ab4
daef6d40-8a6b-4cca-96c9-a250dfdc9a85,baad8bf9-9ca9-4499-8797-ec7819d08095
daef6d40-8a6b-4cca-96c9-a250dfdc9a85,5ba31c33-ff4c-4dbb-8775-ff5c19338073
daef6d40-8a6b-4cca-96c9-a250dfdc9a85,a599a331-5552-42cf-bb9b-707de80acb48
218c23b5-a9c7-4a22-b79b-8f8b06869c24,49abc8ee-115c-4016-ba8e-8b1ec276e26a
218c23b5-a9c7-4a22-b79b-8f8b06869c24,9b114f68-4c68-47d0-8fbb-4993d557a35a
92193142-45ca-467b-9473-2d641889a6b0,6e7a9463-6b0f-4380-9919-e0dc90e29c06
3d1af517-9a26-491f-b68b-69a239eb033b,37a2a7ce-bc76-4754-aa27-0c0a2056444e
3d1af517-9a26-491f-b68b-69a239eb033b,2fad26fc-7fa9-435e-bf33-429c50bb4a6d
ae2c0d0c-ebe2-46eb-a1d3-cf926494181b,8bb05492-abca-45d1-bdb5-8efd67543e77
ae2c0d0c-ebe2-46eb-a1d3-cf926494181b,9dac0684-5adb-4792-9c9f-38bb74ab069f
ae2c0d0c-ebe2-46eb-a1d3-cf926494181b,397cea6f-bb5c-4a33-8937-fd30bd96dc98
2e61aeca-cb6e-479e-8942-1d38b4d190c8,24d6e831-d54a-4a78-905d-ef850c0d42d1
2e61aeca-cb6e-479e-8942-1d38b4d190c8,25bdf2a8-ac95-4b41-9c90-c5a8b592fa31
2e61aeca-cb6e-479e-8942-1d38b4d190c8,f3c8a668-20b2-4b9b-b327-56a6c5ccfbd3
f26334a1-eede-4ba5-be9c-5167850180c2,2ef681b9-14dc-41f2-bf41-df75c085aee3
a9f72a87-afa8-450b-b4b0-6838a7c7fa04,f37c4531-9594-4351-bbd0-1b2dad4342f4
a9f72a87-afa8-450b-b4b0-6838a7c7fa04,f37a0d01-e0a0-4c4c-87a8-d1f439ae0167
f239d5db-e7f0-438c-87ef-60858358853f,7a324772-e189-4541-a599-b739914c5a12
f239d5db-e7f0-438c-87ef-60858358853f,22abb191-c3ce-44ee-a9b6-7472ac26ba00
f239d5db-e7f0-438c-87ef-60858358853f,efd3a40a-e190-4f10-b4b0-a9d3a98bfb46
2fea2e70-29ad-42e8-9ef0-50f51f5e6552,b88b6848-4a0f-40af-9102-f1fef527944a
69dca1d8-320b-4159-a216-9b7bd920019e,e6dc2d23-8c91-4b71-acde-83c3d33923a8
52396631-d9be-4a51-80a4-a4d0b652b354,847568b7-666c-48da-ae69-f2ec0f0d3130
52396631-d9be-4a51-80a4-a4d0b652b354,7ed7dc9a-9c68-4c9b-98cb-daf6b0c30c4d
52396631-d9be-4a51-80a4-a4d0b652b354,c5dfabc8-4479-48f2-b5b8-cdd1a9e2ba4a
f24678d0-4236-4b39-84e6-b85e7fa0460c,2340c74e-d225-4fed-a702-df001855bb73
f24678d0-4236-4b39-84e6-b85e7fa0460c,fdbe1ae4-1055-4b21-94be-4156a807ceb9
986bd185-42f3-40ac-82f2-88cd011a4ea1,b6b4dcaa-b743-4f20-a6fc-531acc14a82f
986bd185-42f3-40ac-82f2-88cd011a4ea1,48f279df-8351-4e0c-a392-07326f55733d
986bd185-42f3-40ac-82f2-88cd011a4ea1,a2ef4cc2-c8cc-4a6f-9718-e432a2c18f6d
350bc1a0-90ad-4ec4-ba6d-ff7a9668a0a7,d126562f-0482-4fad-a20b-823fc9cafe92
350bc1a0-90ad-4ec4-ba6d-ff7a9668a0a7,be68e866-743d-4b85-a745-f157073e2bcf
2f92c828-4bc4-4a43-96ab-c9348bb79fd1,4f706b2d-953a-4574-925c-4f601eb76a93
2f92c828-4bc4-4a43-96ab-c9348bb79fd1,069316ac-5a41-4347-939f-d02f1f878e37
2f92c828-4bc4-4a43-96ab-c9348bb79fd1,21f7a84b-1f04-456f-99a9-a7449c47b91e
887533cf-a2ac-46e8-9710-51056facbc5e,d92e3495-fb60-4018-a4c3-ad8e52cba7f3
33edb8ea-c020-4c7d-9554-76bd75ef0581,35d600bf-58e1-4f31-919e-c7eaf4b1d667
33edb8ea-c020-4c7d-9554-76bd75ef0581,2850446a-d5a7-4098-bc24-399ee7d77470
33edb8ea-c020-4c7d-9554-76bd75ef0581,7894a0e8-f168-4219-a29e-b61099424b38
72f26ab8-d4fc-4e7b-a0ca-1f2dd395c624,e12d9ce5-8951-4543-9a4a-b73976b7037d
72f26ab8-d4fc-4e7b-a0ca-1f2dd395c624,aaad1a2c-a164-4cb7-a3a0-c936a3084e8a
72f26ab8-d4fc-4e7b-a0ca-1f2dd395c624,4fbd898b-3d7e-4e48-b1ce-e52127f18414
84bf5a68-04dc-4506-9a85-9d4b8aa782e7,8d578051-d890-4278-b104-7f69557f5486
6b3f6d51-e210-4079-a35b-a71e18799b8f,602a93c3-09de-4ea3-a989-1922d649d85a
6b3f6d51-e210-4079-a35b-a71e18799b8f,33fa611d-0ea4-43da-a4a2-90dbb550391d
4778b3c9-a273-4114-8315-0ca12804f153,80074625-9e8a-459d-98f5-bf85bbcfde2f
4778b3c9-a273-4114-8315-0ca12804f153,829c0903-6fe5-47fd-a39a-dc81d2824e19
4778b3c9-a273-4114-8315-0ca12804f153,514459ba-d0ef-4d03-a510-de7d947c950e
3699aba9-ee4d-4c22-af30-948884f38bf2,5ba31c33-ff4c-4dbb-8775-ff5c19338073
3699aba9-ee4d-4c22-af30-948884f38bf2,c2aaca72-5e33-4637-8076-3f92d5d0decb
3699aba9-ee4d-4c22-af30-948884f38bf2,504259f2-6fcb-4dd8-8839-8ca6df394a6d
a903d3c0-9684-4156-9e68-9ae654ddc6e4,25041ce6-c84e-4d9c-a80f-5784152117a6
4954a833-aded-446e-8338-0235ef68914f,ada117cd-c905-4b73-9a96-7154674a9890
4954a833-aded-446e-8338-0235ef68914f,6af405e8-05dd-4ce2-8261-ee3212946ec0
4954a833-aded-446e-8338-0235ef68914f,ece50c94-b70d-48f2-9801-5040e1c308b8
7d814650-322b-49b4-bfc4-26bce49f9fa5,ce2ed831-c1ef-4e08-86e1-79f4e11fc85c
97deee39-151e-4d36-b172-71d6373ef836,5d9ac460-74fb-4f52-b3e9-01e6300afc9b
97deee39-151e-4d36-b172-71d6373ef836,7a6c31bc-c235-4726-a76d-23486867bbbc
97deee39-151e-4d36-b172-71d6373ef836,80828a4c-fcc2-4371-a874-875b1d3a687d
98851890-5eae-4eb0-a008-a896d68fdb03,911e9d9d-95db-48aa-bfab-34889fa9c9ac
98851890-5eae-4eb0-a008-a896d68fdb03,5abeffc8-84cf-4086-9710-a90cd6623f60
3c7b4577-26d1-46db-a738-52e2c60346d7,1c5c84e0-02c1-426e-b384-cebd396a1492
3c7b4577-26d1-46db-a738-52e2c60346d7,f76c99e6-b1ff-4e89-b6e7-15d385c26738
7097bf66-44f3-484d-ac69-921c0c938481,d92e3495-fb60-4018-a4c3-ad8e52cba7f3
7097bf66-44f3-484d-ac69-921c0c938481,16179e4e-b02b-4e11-909a-4ba198be60a6
e8cb45f3-29fa-49d1-bef5-3e8571353272,f14f480e-aeed-43e3-84ea-bbaa533dcf62
b797fb2d-8182-446c-a37e-a441b0772f53,f76c99e6-b1ff-4e89-b6e7-15d385c26738
b797fb2d-8182-446c-a37e-a441b0772f53,e2aef8c0-d1a6-478a-a67e-a625064a3c9a
b797fb2d-8182-446c-a37e-a441b0772f53,49abc8ee-115c-4016-ba8e-8b1ec276e26a
64e5359f-8f1e-4fc9-a3e5-0dc2a03cbb21,b997c52c-67d3-4cca-9c35-b0909f6e9fcb
64e5359f-8f1e-4fc9-a3e5-0dc2a03cbb21,407c2803-972b-491a-aa8b-1526b1f929b4
a2d81be8-dc08-45ce-a3f9-c7c84a92231a,d9b14abd-7306-44a8-a4fc-d4021ceff910
a2d81be8-dc08-45ce-a3f9-c7c84a92231a,87f28f78-4623-4ef8-9ab4-a3e7ff233986
a2d81be8-dc08-45ce-a3f9-c7c84a92231a,2b69967d-95f5-45db-a41f-f034ab56f47f
19a02b4a-5a30-4dc1-b4b1-23bc02512e38,08f110c0-b962-4500-8ed0-9ecd46d34eec
19a02b4a-5a30-4dc1-b4b1-23bc02512e38,484c3dc0-b9cc-4bab-8ced-2122bd7fce5a
0ea9333b-717a-493c-a1bb-f413ba32c29a,7bc288e7-5723-4b19-b2d1-3f23740b1d7a
0ea9333b-717a-493c-a1bb-f413ba32c29a,12db76b0-8bd0-41eb-a9de-6d1bfc9381f8
0ea9333b-717a-493c-a1bb-f413ba32c29a,5bf6c8f0-06e5-44ed-bf23-6084c445bfe7
b70f5553-9dac-4db2-a97a-e3874fd5e8b8,861088a9-d67a-4abb-a1c1-3013aa50e4c6
b70f5553-9dac-4db2-a97a-e3874fd5e8b8,ab07a288-3380-4116-a978-516f3feb1f43
fa0b49ff-7a28-49a5-83d2-cc3f15a3a992,9a6c49a5-67ce-4ded-9b6a-40327714ecb8
fa0b49ff-7a28-49a5-83d2-cc3f15a3a992,d2ed7633-2caf-4184-8e02-401b910276eb
fa0b49ff-7a28-49a5-83d2-cc3f15a3a992,b24898c5-dbe0-4e58-a406-805ac1ecb2ac
ad0dc11b-b07a-44e9-be24-51440e27cd0f,50fc4376-2036-4e87-929e-9c127e78e174
df001d89-2e3f-4ea5-8038-55c2b44b2748,b6b4dcaa-b743-4f20-a6fc-531acc14a82f
c6c04887-ef59-401f-818b-4f8f8246210a,10a0b8c4-0dd1-40c0-94d7-f9645939dfde
c6c04887-ef59-401f-818b-4f8f8246210a,7ed7dc9a-9c68-4c9b-98cb-daf6b0c30c4d
c6c04887-ef59-401f-818b-4f8f8246210a,ae809e51-f45c-41ad-b323-ab9c3109aee4
1e48fa79-600b-4eef-85fa-84e144db4f49,64450766-3978-4644-b3de-cfdff00f2465
ec196ed7-d410-4a06-88b9-d1557b96d165,ece50c94-b70d-48f2-9801-5040e1c308b8
ec196ed7-d410-4a06-88b9-d1557b96d165,7a324772-e189-4541-a599-b739914c5a12
ec196ed7-d410-4a06-88b9-d1557b96d165,9e2fc385-b94f-4a9e-b78c-29af58c4cec9
fb7eff9c-70e3-4f90-8fe8-1ff831203b77,6aa8743a-9f37-4ac8-9f9d-1253397ae1d6
fb7eff9c-70e3-4f90-8fe8-1ff831203b77,3b61d459-3c04-48c7-b79f-61249d842fb0
a10c98ba-0040-4789-a6cc-77dec184394e,5dd3e32e-181c-4f49-96fa-580cb79ea4a5
391d6873-fb6a-486b-a8f9-d8965502b6e5,ee7c6d8a-c45b-43a5-be32-796cbed1d5ce
6e62abcd-11ad-4dcb-8cf9-3ca781e3d2f5,829c0903-6fe5-47fd-a39a-dc81d2824e19
6e62abcd-11ad-4dcb-8cf9-3ca781e3d2f5,6465a771-3436-4046-a97d-232fd8607e56
d85f55db-a366-4466-bf9d-cde2edbe96df,4f706b2d-953a-4574-925c-4f601eb76a93
05636d88-47cc-4893-ab75-8c262909422e,80074625-9e8a-459d-98f5-bf85bbcfde2f
05636d88-47cc-4893-ab75-8c262909422e,f749e074-a13a-4be9-9365-20d55dccd6c3
05636d88-47cc-4893-ab75-8c262909422e,87e6847f-58c7-4b2b-922c-dd961ca9c9bb
65a1b400-1592-4f67-b6fc-7f0c9d51be68,f21e3f28-3da3-42e3-a1be-d6fe3ec4cd97
65a1b400-1592-4f67-b6fc-7f0c9d51be68,9a6c49a5-67ce-4ded-9b6a-40327714ecb8
ba6fecbf-a622-427a-9acc-6f6f4ab8d158,7986c74d-15a1-4a44-8cc8-fd025c921b0d
ba6fecbf-a622-427a-9acc-6f6f4ab8d158,7a556f96-02c2-4db0-8d11-531f64794b7d
ba6fecbf-a622-427a-9acc-6f6f4ab8d158,d9b14abd-7306-44a8-a4fc-d4021ceff910
1f1a368b-884e-4c7d-9f8c-20eb63655d37,f14f480e-aeed-43e3-84ea-bbaa533dcf62
77c7a659-422a-4b0f-9c79-515d882d5327,e346a171-5d4f-4a67-9f64-8c5de8d2fb8d
50d3772e-ef76-46cd-ae89-d213fd7984f0,22432b62-61e5-4a19-898e-eaf3e72fce12
50d3772e-ef76-46cd-ae89-d213fd7984f0,b7d4ed20-76bc-4c48-ac44-6fa2dfc645e9
0ebcbbab-f790-44ce-9f5d-a43680d8ca98,b6b4dcaa-b743-4f20-a6fc-531acc14a82f
0ebcbbab-f790-44ce-9f5d-a43680d8ca98,16f537a6-6f12-4b01-9cb1-b24ee9edf266
